Filename,Prompt
Format: Filename.png,"A cinematic 16:9 wide-angle 3D animated scene representing the bible verse: 'Text'. Style: High-quality 3D animation (Pixar/Disney style), warm golden and brown color palette, volumetric lighting, divine atmosphere, peaceful and majestic. Wide shot, detailed background. No text, no words on image, 8k resolution, masterpiece."
isaiah-43-19.png,"A cinematic 16:9 wide-angle 3D animated scene representing the bible verse: 'Behold, I will do a new thing; now it shall spring forth; shall ye not know it? I will even make a way in the wilderness, {and} rivers in the desert.'. Style: High-quality 3D animation (Pixar/Disney style), warm golden and brown color palette, volumetric lighting, divine atmosphere, peaceful and majestic. Wide shot, detailed background. No text, no words on image, 8k resolution, masterpiece."
acts-19-4.png,"A cinematic 16:9 wide-angle 3D animated scene representing the bible verse: 'Then said Paul, John verily baptized with the baptism of repentance, saying unto the people, that they should believe on him which should come after him, that is, on Christ Jesus.'. Style: High-quality 3D animation (Pixar/Disney style), warm golden and brown color palette, volumetric lighting, divine atmosphere, peaceful and majestic. Wide shot, detailed background. No text, no words on image, 8k resolution, masterpiece."
1-chronicles-29-14.png,"A cinematic 16:9 wide-angle 3D animated scene representing the bible verse: 'But who {am} I, and what {is} my people, that we should be able to offer so willingly after this sort? for all things {come} of thee, and of thine own have we given thee. {be able: Heb. retain, or, obtain strength} {of thine...: Heb. of thine hand}'. Style: High-quality 3D animation (Pixar/Disney style), warm golden and brown color palette, volumetric lighting, divine atmosphere, peaceful and majestic. Wide shot, detailed background. No text, no words on image, 8k resolution, masterpiece."
proverbs-18-10.png,"A cinematic 16:9 wide-angle 3D animated scene representing the bible verse: 'The name of the LORD {is} a strong tower: the righteous runneth into it, and is safe. {safe: Heb. set aloft}'. Style: High-quality 3D animation (Pixar/Disney style), warm golden and brown color palette, volumetric lighting, divine atmosphere, peaceful and majestic. Wide shot, detailed background. No text, no words on image, 8k resolution, masterpiece."
2-corinthians-3-17.png,"A cinematic 16:9 wide-angle 3D animated scene representing the bible verse: 'Now the Lord is that Spirit: and where the Spirit of the Lord {is}, there {is} liberty.'. Style: High-quality 3D animation (Pixar/Disney style), warm golden and brown color palette, volumetric lighting, divine atmosphere, peaceful and majestic. Wide shot, detailed background. No text, no words on image, 8k resolution, masterpiece."
daniel-12-10.png,"A cinematic 16:9 wide-angle 3D animated scene representing the bible verse: 'Many shall be purified, and made white, and tried; but the wicked shall do wickedly: and none of the wicked shall understand; but the wise shall understand.'. Style: High-quality 3D animation (Pixar/Disney style), warm golden and brown color palette, volumetric lighting, divine atmosphere, peaceful and majestic. Wide shot, detailed background. No text, no words on image, 8k resolution, masterpiece."
proverbs-16-3.png,"A cinematic 16:9 wide-angle 3D animated scene representing the bible verse: 'Commit thy works unto the LORD, and thy thoughts shall be established. {Commit: Heb. Roll}'. Style: High-quality 3D animation (Pixar/Disney style), warm golden and brown color palette, volumetric lighting, divine atmosphere, peaceful and majestic. Wide shot, detailed background. No text, no words on image, 8k resolution, masterpiece."
2-corinthians-1-5.png,"A cinematic 16:9 wide-angle 3D animated scene representing the bible verse: 'For as the sufferings of Christ abound in us, so our consolation also aboundeth by Christ.'. Style: High-quality 3D animation (Pixar/Disney style), warm golden and brown color palette, volumetric lighting, divine atmosphere, peaceful and majestic. Wide shot, detailed background. No text, no words on image, 8k resolution, masterpiece."
proverbs-4-23.png,"A cinematic 16:9 wide-angle 3D animated scene representing the bible verse: 'Keep thy heart with all diligence; for out of it {are} the issues of life. {with...: Heb. above all keeping}'. Style: High-quality 3D animation (Pixar/Disney style), warm golden and brown color palette, volumetric lighting, divine atmosphere, peaceful and majestic. Wide shot, detailed background. No text, no words on image, 8k resolution, masterpiece."
amos-5-4.png,"A cinematic 16:9 wide-angle 3D animated scene representing the bible verse: 'For thus saith the LORD unto the house of Israel, Seek ye me, and ye shall live:'. Style: High-quality 3D animation (Pixar/Disney style), warm golden and brown color palette, volumetric lighting, divine atmosphere, peaceful and majestic. Wide shot, detailed background. No text, no words on image, 8k resolution, masterpiece."
psalms-1-1.png,"A cinematic 16:9 wide-angle 3D animated scene representing the bible verse: 'Blessed {is} the man that walketh not in the counsel of the ungodly, nor standeth in the way of sinners, nor sitteth in the seat of the scornful. {ungodly: or, wicked}'. Style: High-quality 3D animation (Pixar/Disney style), warm golden and brown color palette, volumetric lighting, divine atmosphere, peaceful and majestic. Wide shot, detailed background. No text, no words on image, 8k resolution, masterpiece."
acts-1-10-11.png,"A cinematic 16:9 wide-angle 3D animated scene representing the bible verse: 'And while they looked stedfastly toward heaven as he went up, behold, two men stood by them in white apparel; Which also said, Ye men of Galilee, why stand ye gazing up into heaven? this same Jesus, which is taken up from you into heaven, shall so come in like manner as ye have seen him go into heaven.'. Style: High-quality 3D animation (Pixar/Disney style), warm golden and brown color palette, volumetric lighting, divine atmosphere, peaceful and majestic. Wide shot, detailed background. No text, no words on image, 8k resolution, masterpiece."
1-corinthians-9-25.png,"A cinematic 16:9 wide-angle 3D animated scene representing the bible verse: 'And every man that striveth for the mastery is temperate in all things. Now they {do it} to obtain a corruptible crown; but we an incorruptible.'. Style: High-quality 3D animation (Pixar/Disney style), warm golden and brown color palette, volumetric lighting, divine atmosphere, peaceful and majestic. Wide shot, detailed background. No text, no words on image, 8k resolution, masterpiece."
deuteronomy-13-4.png,"A cinematic 16:9 wide-angle 3D animated scene representing the bible verse: 'Ye shall walk after the LORD your God, and fear him, and keep his commandments, and obey his voice, and ye shall serve him, and cleave unto him.'. Style: High-quality 3D animation (Pixar/Disney style), warm golden and brown color palette, volumetric lighting, divine atmosphere, peaceful and majestic. Wide shot, detailed background. No text, no words on image, 8k resolution, masterpiece."
deuteronomy-8-5.png,"A cinematic 16:9 wide-angle 3D animated scene representing the bible verse: 'Thou shalt also consider in thine heart, that, as a man chasteneth his son, {so} the LORD thy God chasteneth thee.'. Style: High-quality 3D animation (Pixar/Disney style), warm golden and brown color palette, volumetric lighting, divine atmosphere, peaceful and majestic. Wide shot, detailed background. No text, no words on image, 8k resolution, masterpiece."
isaiah-9-6.png,"A cinematic 16:9 wide-angle 3D animated scene representing the bible verse: 'For unto us a child is born, unto us a son is given: and the government shall be upon his shoulder: and his name shall be called Wonderful, Counsellor, The mighty God, The everlasting Father, The Prince of Peace.'. Style: High-quality 3D animation (Pixar/Disney style), warm golden and brown color palette, volumetric lighting, divine atmosphere, peaceful and majestic. Wide shot, detailed background. No text, no words on image, 8k resolution, masterpiece."
amos-5-24.png,"A cinematic 16:9 wide-angle 3D animated scene representing the bible verse: 'But let judgment run down as waters, and righteousness as a mighty stream. {run: Heb. roll}'. Style: High-quality 3D animation (Pixar/Disney style), warm golden and brown color palette, volumetric lighting, divine atmosphere, peaceful and majestic. Wide shot, detailed background. No text, no words on image, 8k resolution, masterpiece."
daniel-9-5.png,"A cinematic 16:9 wide-angle 3D animated scene representing the bible verse: 'We have sinned, and have committed iniquity, and have done wickedly, and have rebelled, even by departing from thy precepts and from thy judgments:'. Style: High-quality 3D animation (Pixar/Disney style), warm golden and brown color palette, volumetric lighting, divine atmosphere, peaceful and majestic. Wide shot, detailed background. No text, no words on image, 8k resolution, masterpiece."
john-10-10.png,"A cinematic 16:9 wide-angle 3D animated scene representing the bible verse: 'The thief cometh not, but for to steal, and to kill, and to destroy: I am come that they might have life, and that they might have {it} more abundantly.'. Style: High-quality 3D animation (Pixar/Disney style), warm golden and brown color palette, volumetric lighting, divine atmosphere, peaceful and majestic. Wide shot, detailed background. No text, no words on image, 8k resolution, masterpiece."
1-corinthians-15-33.png,"A cinematic 16:9 wide-angle 3D animated scene representing the bible verse: 'Be not deceived: evil communications corrupt good manners.'. Style: High-quality 3D animation (Pixar/Disney style), warm golden and brown color palette, volumetric lighting, divine atmosphere, peaceful and majestic. Wide shot, detailed background. No text, no words on image, 8k resolution, masterpiece."
daniel-4-37.png,"A cinematic 16:9 wide-angle 3D animated scene representing the bible verse: 'Now I Nebuchadnezzar praise and extol and honour the King of heaven, all whose works {are} truth, and his ways judgment: and those that walk in pride he is able to abase.'. Style: High-quality 3D animation (Pixar/Disney style), warm golden and brown color palette, volumetric lighting, divine atmosphere, peaceful and majestic. Wide shot, detailed background. No text, no words on image, 8k resolution, masterpiece."
acts-13-3.png,"A cinematic 16:9 wide-angle 3D animated scene representing the bible verse: 'And when they had fasted and prayed, and laid {their} hands on them, they sent {them} away.'. Style: High-quality 3D animation (Pixar/Disney style), warm golden and brown color palette, volumetric lighting, divine atmosphere, peaceful and majestic. Wide shot, detailed background. No text, no words on image, 8k resolution, masterpiece."
acts-10-43.png,"A cinematic 16:9 wide-angle 3D animated scene representing the bible verse: 'To him give all the prophets witness, that through his name whosoever believeth in him shall receive remission of sins.'. Style: High-quality 3D animation (Pixar/Disney style), warm golden and brown color palette, volumetric lighting, divine atmosphere, peaceful and majestic. Wide shot, detailed background. No text, no words on image, 8k resolution, masterpiece."
1-corinthians-6-19-20.png,"A cinematic 16:9 wide-angle 3D animated scene representing the bible verse: 'What? know ye not that your body is the temple of the Holy Ghost {which is} in you, which ye have of God, and ye are not your own? For ye are bought with a price: therefore glorify God in your body, and in your spirit, which are God's.'. Style: High-quality 3D animation (Pixar/Disney style), warm golden and brown color palette, volumetric lighting, divine atmosphere, peaceful and majestic. Wide shot, detailed background. No text, no words on image, 8k resolution, masterpiece."
deuteronomy-24-5.png,"A cinematic 16:9 wide-angle 3D animated scene representing the bible verse: 'When a man hath taken a new wife, he shall not go out to war, neither shall he be charged with any business: {but} he shall be free at home one year, and shall cheer up his wife which he hath taken. {neither...: Heb. not any thing shall pass upon him}'. Style: High-quality 3D animation (Pixar/Disney style), warm golden and brown color palette, volumetric lighting, divine atmosphere, peaceful and majestic. Wide shot, detailed background. No text, no words on image, 8k resolution, masterpiece."
ephesians-2-8-9.png,"A cinematic 16:9 wide-angle 3D animated scene representing the bible verse: 'For by grace are ye saved through faith; and that not of yourselves: {it is} the gift of God: Not of works, lest any man should boast.'. Style: High-quality 3D animation (Pixar/Disney style), warm golden and brown color palette, volumetric lighting, divine atmosphere, peaceful and majestic. Wide shot, detailed background. No text, no words on image, 8k resolution, masterpiece."
1-corinthians-2-9.png,"A cinematic 16:9 wide-angle 3D animated scene representing the bible verse: 'But as it is written, Eye hath not seen, nor ear heard, neither have entered into the heart of man, the things which God hath prepared for them that love him.'. Style: High-quality 3D animation (Pixar/Disney style), warm golden and brown color palette, volumetric lighting, divine atmosphere, peaceful and majestic. Wide shot, detailed background. No text, no words on image, 8k resolution, masterpiece."
1-corinthians-16-14.png,"A cinematic 16:9 wide-angle 3D animated scene representing the bible verse: 'Let all your things be done with charity.'. Style: High-quality 3D animation (Pixar/Disney style), warm golden and brown color palette, volumetric lighting, divine atmosphere, peaceful and majestic. Wide shot, detailed background. No text, no words on image, 8k resolution, masterpiece."
2-corinthians-12-10.png,"A cinematic 16:9 wide-angle 3D animated scene representing the bible verse: 'Therefore I take pleasure in infirmities, in reproaches, in necessities, in persecutions, in distresses for Christ's sake: for when I am weak, then am I strong.'. Style: High-quality 3D animation (Pixar/Disney style), warm golden and brown color palette, volumetric lighting, divine atmosphere, peaceful and majestic. Wide shot, detailed background. No text, no words on image, 8k resolution, masterpiece."
romans-3-23.png,"A cinematic 16:9 wide-angle 3D animated scene representing the bible verse: 'For all have sinned, and come short of the glory of God;'. Style: High-quality 3D animation (Pixar/Disney style), warm golden and brown color palette, volumetric lighting, divine atmosphere, peaceful and majestic. Wide shot, detailed background. No text, no words on image, 8k resolution, masterpiece."
1-chronicles-29-12.png,"A cinematic 16:9 wide-angle 3D animated scene representing the bible verse: 'Both riches and honour {come} of thee, and thou reignest over all; and in thine hand {is} power and might; and in thine hand {it is} to make great, and to give strength unto all.'. Style: High-quality 3D animation (Pixar/Disney style), warm golden and brown color palette, volumetric lighting, divine atmosphere, peaceful and majestic. Wide shot, detailed background. No text, no words on image, 8k resolution, masterpiece."
2-corinthians-10-17-18.png,"A cinematic 16:9 wide-angle 3D animated scene representing the bible verse: 'But he that glorieth, let him glory in the Lord. For not he that commendeth himself is approved, but whom the Lord commendeth.'. Style: High-quality 3D animation (Pixar/Disney style), warm golden and brown color palette, volumetric lighting, divine atmosphere, peaceful and majestic. Wide shot, detailed background. No text, no words on image, 8k resolution, masterpiece."
1-corinthians-7-3-4.png,"A cinematic 16:9 wide-angle 3D animated scene representing the bible verse: 'Let the husband render unto the wife due benevolence: and likewise also the wife unto the husband. The wife hath not power of her own body, but the husband: and likewise also the husband hath not power of his own body, but the wife.'. Style: High-quality 3D animation (Pixar/Disney style), warm golden and brown color palette, volumetric lighting, divine atmosphere, peaceful and majestic. Wide shot, detailed background. No text, no words on image, 8k resolution, masterpiece."
acts-1-14.png,"A cinematic 16:9 wide-angle 3D animated scene representing the bible verse: 'These all continued with one accord in prayer and supplication, with the women, and Mary the mother of Jesus, and with his brethren.'. Style: High-quality 3D animation (Pixar/Disney style), warm golden and brown color palette, volumetric lighting, divine atmosphere, peaceful and majestic. Wide shot, detailed background. No text, no words on image, 8k resolution, masterpiece."
2-timothy-1-7.png,"A cinematic 16:9 wide-angle 3D animated scene representing the bible verse: 'For God hath not given us the spirit of fear; but of power, and of love, and of a sound mind.'. Style: High-quality 3D animation (Pixar/Disney style), warm golden and brown color palette, volumetric lighting, divine atmosphere, peaceful and majestic. Wide shot, detailed background. No text, no words on image, 8k resolution, masterpiece."
amos-3-7.png,"A cinematic 16:9 wide-angle 3D animated scene representing the bible verse: 'Surely the Lord GOD will do nothing, but he revealeth his secret unto his servants the prophets.'. Style: High-quality 3D animation (Pixar/Disney style), warm golden and brown color palette, volumetric lighting, divine atmosphere, peaceful and majestic. Wide shot, detailed background. No text, no words on image, 8k resolution, masterpiece."
2-chronicles-7-14.png,"A cinematic 16:9 wide-angle 3D animated scene representing the bible verse: 'If my people, which are called by my name, shall humble themselves, and pray, and seek my face, and turn from their wicked ways; then will I hear from heaven, and will forgive their sin, and will heal their land. {which...: Heb. upon whom my name is called}'. Style: High-quality 3D animation (Pixar/Disney style), warm golden and brown color palette, volumetric lighting, divine atmosphere, peaceful and majestic. Wide shot, detailed background. No text, no words on image, 8k resolution, masterpiece."
acts-2-41.png,"A cinematic 16:9 wide-angle 3D animated scene representing the bible verse: 'Then they that gladly received his word were baptized: and the same day there were added {unto them} about three thousand souls.'. Style: High-quality 3D animation (Pixar/Disney style), warm golden and brown color palette, volumetric lighting, divine atmosphere, peaceful and majestic. Wide shot, detailed background. No text, no words on image, 8k resolution, masterpiece."
1-corinthians-13-13.png,"A cinematic 16:9 wide-angle 3D animated scene representing the bible verse: 'And now abideth faith, hope, charity, these three; but the greatest of these {is} charity.'. Style: High-quality 3D animation (Pixar/Disney style), warm golden and brown color palette, volumetric lighting, divine atmosphere, peaceful and majestic. Wide shot, detailed background. No text, no words on image, 8k resolution, masterpiece."
daniel-2-23.png,"A cinematic 16:9 wide-angle 3D animated scene representing the bible verse: 'I thank thee, and praise thee, O thou God of my fathers, who hast given me wisdom and might, and hast made known unto me now what we desired of thee: for thou hast {now} made known unto us the king's matter.'. Style: High-quality 3D animation (Pixar/Disney style), warm golden and brown color palette, volumetric lighting, divine atmosphere, peaceful and majestic. Wide shot, detailed background. No text, no words on image, 8k resolution, masterpiece."
galatians-5-22-23.png,"A cinematic 16:9 wide-angle 3D animated scene representing the bible verse: 'But the fruit of the Spirit is love, joy, peace, longsuffering, gentleness, goodness, faith, Meekness, temperance: against such there is no law.'. Style: High-quality 3D animation (Pixar/Disney style), warm golden and brown color palette, volumetric lighting, divine atmosphere, peaceful and majestic. Wide shot, detailed background. No text, no words on image, 8k resolution, masterpiece."
1-corinthians-6-9-10.png,"A cinematic 16:9 wide-angle 3D animated scene representing the bible verse: 'Know ye not that the unrighteous shall not inherit the kingdom of God? Be not deceived: neither fornicators, nor idolaters, nor adulterers, nor effeminate, nor abusers of themselves with mankind, Nor thieves, nor covetous, nor drunkards, nor revilers, nor extortioners, shall inherit the kingdom of God.'. Style: High-quality 3D animation (Pixar/Disney style), warm golden and brown color palette, volumetric lighting, divine atmosphere, peaceful and majestic. Wide shot, detailed background. No text, no words on image, 8k resolution, masterpiece."
1-corinthians-7-2.png,"A cinematic 16:9 wide-angle 3D animated scene representing the bible verse: 'Nevertheless, {to avoid} fornication, let every man have his own wife, and let every woman have her own husband.'. Style: High-quality 3D animation (Pixar/Disney style), warm golden and brown color palette, volumetric lighting, divine atmosphere, peaceful and majestic. Wide shot, detailed background. No text, no words on image, 8k resolution, masterpiece."
1-corinthians-15-1-2.png,"A cinematic 16:9 wide-angle 3D animated scene representing the bible verse: 'Moreover, brethren, I declare unto you the gospel which I preached unto you, which also ye have received, and wherein ye stand; By which also ye are saved, if ye keep in memory what I preached unto you, unless ye have believed in vain. {keep...: or, hold fast} {what: Gr. by what speech}'. Style: High-quality 3D animation (Pixar/Disney style), warm golden and brown color palette, volumetric lighting, divine atmosphere, peaceful and majestic. Wide shot, detailed background. No text, no words on image, 8k resolution, masterpiece."
1-corinthians-13-4-7.png,"A cinematic 16:9 wide-angle 3D animated scene representing the bible verse: 'Charity suffereth long, {and} is kind; charity envieth not; charity vaunteth not itself, is not puffed up, {vaunteth...: or, is not rash} Doth not behave itself unseemly, seeketh not her own, is not easily provoked, thinketh no evil; Rejoiceth not in iniquity, but rejoiceth in the truth; {in the truth: or, with the truth} Beareth all things, believeth all things, hopeth all things, endureth all things.'. Style: High-quality 3D animation (Pixar/Disney style), warm golden and brown color palette, volumetric lighting, divine atmosphere, peaceful and majestic. Wide shot, detailed background. No text, no words on image, 8k resolution, masterpiece."
acts-5-42.png,"A cinematic 16:9 wide-angle 3D animated scene representing the bible verse: 'And daily in the temple, and in every house, they ceased not to teach and preach Jesus Christ.'. Style: High-quality 3D animation (Pixar/Disney style), warm golden and brown color palette, volumetric lighting, divine atmosphere, peaceful and majestic. Wide shot, detailed background. No text, no words on image, 8k resolution, masterpiece."
ecclesiastes-1-18.png,"A cinematic 16:9 wide-angle 3D animated scene representing the bible verse: 'For in much wisdom {is} much grief: and he that increaseth knowledge increaseth sorrow.'. Style: High-quality 3D animation (Pixar/Disney style), warm golden and brown color palette, volumetric lighting, divine atmosphere, peaceful and majestic. Wide shot, detailed background. No text, no words on image, 8k resolution, masterpiece."
1-corinthians-8-6.png,"A cinematic 16:9 wide-angle 3D animated scene representing the bible verse: 'But to us {there is but} one God, the Father, of whom {are} all things, and we in him; and one Lord Jesus Christ, by whom {are} all things, and we by him. {in: or, for}'. Style: High-quality 3D animation (Pixar/Disney style), warm golden and brown color palette, volumetric lighting, divine atmosphere, peaceful and majestic. Wide shot, detailed background. No text, no words on image, 8k resolution, masterpiece."
acts-9-31.png,"A cinematic 16:9 wide-angle 3D animated scene representing the bible verse: 'Then had the churches rest throughout all Judaea and Galilee and Samaria, and were edified; and walking in the fear of the Lord, and in the comfort of the Holy Ghost, were multiplied.'. Style: High-quality 3D animation (Pixar/Disney style), warm golden and brown color palette, volumetric lighting, divine atmosphere, peaceful and majestic. Wide shot, detailed background. No text, no words on image, 8k resolution, masterpiece."
2-corinthians-7-10.png,"A cinematic 16:9 wide-angle 3D animated scene representing the bible verse: 'For godly sorrow worketh repentance to salvation not to be repented of: but the sorrow of the world worketh death.'. Style: High-quality 3D animation (Pixar/Disney style), warm golden and brown color palette, volumetric lighting, divine atmosphere, peaceful and majestic. Wide shot, detailed background. No text, no words on image, 8k resolution, masterpiece."
1-corinthians-2-11.png,"A cinematic 16:9 wide-angle 3D animated scene representing the bible verse: 'For what man knoweth the things of a man, save the spirit of man which is in him? even so the things of God knoweth no man, but the Spirit of God.'. Style: High-quality 3D animation (Pixar/Disney style), warm golden and brown color palette, volumetric lighting, divine atmosphere, peaceful and majestic. Wide shot, detailed background. No text, no words on image, 8k resolution, masterpiece."
1-corinthians-9-27.png,"A cinematic 16:9 wide-angle 3D animated scene representing the bible verse: 'But I keep under my body, and bring {it} into subjection: lest that by any means, when I have preached to others, I myself should be a castaway.'. Style: High-quality 3D animation (Pixar/Disney style), warm golden and brown color palette, volumetric lighting, divine atmosphere, peaceful and majestic. Wide shot, detailed background. No text, no words on image, 8k resolution, masterpiece."
2-corinthians-8-12.png,"A cinematic 16:9 wide-angle 3D animated scene representing the bible verse: 'For if there be first a willing mind, {it is} accepted according to that a man hath, {and} not according to that he hath not.'. Style: High-quality 3D animation (Pixar/Disney style), warm golden and brown color palette, volumetric lighting, divine atmosphere, peaceful and majestic. Wide shot, detailed background. No text, no words on image, 8k resolution, masterpiece."
acts-3-26.png,"A cinematic 16:9 wide-angle 3D animated scene representing the bible verse: 'Unto you first God, having raised up his Son Jesus, sent him to bless you, in turning away every one of you from his iniquities.'. Style: High-quality 3D animation (Pixar/Disney style), warm golden and brown color palette, volumetric lighting, divine atmosphere, peaceful and majestic. Wide shot, detailed background. No text, no words on image, 8k resolution, masterpiece."
acts-3-19.png,"A cinematic 16:9 wide-angle 3D animated scene representing the bible verse: 'Repent ye therefore, and be converted, that your sins may be blotted out, when the times of refreshing shall come from the presence of the Lord;'. Style: High-quality 3D animation (Pixar/Disney style), warm golden and brown color palette, volumetric lighting, divine atmosphere, peaceful and majestic. Wide shot, detailed background. No text, no words on image, 8k resolution, masterpiece."
deuteronomy-10-12-13.png,"A cinematic 16:9 wide-angle 3D animated scene representing the bible verse: 'And now, Israel, what doth the LORD thy God require of thee, but to fear the LORD thy God, to walk in all his ways, and to love him, and to serve the LORD thy God with all thy heart and with all thy soul, To keep the commandments of the LORD, and his statutes, which I command thee this day for thy good?'. Style: High-quality 3D animation (Pixar/Disney style), warm golden and brown color palette, volumetric lighting, divine atmosphere, peaceful and majestic. Wide shot, detailed background. No text, no words on image, 8k resolution, masterpiece."
isaiah-40-31.png,"A cinematic 16:9 wide-angle 3D animated scene representing the bible verse: 'But they that wait upon the LORD shall renew {their} strength; they shall mount up with wings as eagles; they shall run, and not be weary; {and} they shall walk, and not faint. {renew: Heb. change}'. Style: High-quality 3D animation (Pixar/Disney style), warm golden and brown color palette, volumetric lighting, divine atmosphere, peaceful and majestic. Wide shot, detailed background. No text, no words on image, 8k resolution, masterpiece."
colossians-2-16-17.png,"A cinematic 16:9 wide-angle 3D animated scene representing the bible verse: 'Let no man therefore judge you in meat, or in drink, or in respect of an holyday, or of the new moon, or of the sabbath {days}: {in meat...: or, for eating and drinking} {respect: or, part} Which are a shadow of things to come; but the body {is} of Christ.'. Style: High-quality 3D animation (Pixar/Disney style), warm golden and brown color palette, volumetric lighting, divine atmosphere, peaceful and majestic. Wide shot, detailed background. No text, no words on image, 8k resolution, masterpiece."
romans-6-23.png,"A cinematic 16:9 wide-angle 3D animated scene representing the bible verse: 'For the wages of sin {is} death; but the gift of God {is} eternal life through Jesus Christ our Lord.'. Style: High-quality 3D animation (Pixar/Disney style), warm golden and brown color palette, volumetric lighting, divine atmosphere, peaceful and majestic. Wide shot, detailed background. No text, no words on image, 8k resolution, masterpiece."
2-corinthians-6-10.png,"A cinematic 16:9 wide-angle 3D animated scene representing the bible verse: 'As sorrowful, yet alway rejoicing; as poor, yet making many rich; as having nothing, and {yet} possessing all things.'. Style: High-quality 3D animation (Pixar/Disney style), warm golden and brown color palette, volumetric lighting, divine atmosphere, peaceful and majestic. Wide shot, detailed background. No text, no words on image, 8k resolution, masterpiece."
2-corinthians-5-14-15.png,"A cinematic 16:9 wide-angle 3D animated scene representing the bible verse: 'For the love of Christ constraineth us; because we thus judge, that if one died for all, then were all dead: And {that} he died for all, that they which live should not henceforth live unto themselves, but unto him which died for them, and rose again.'. Style: High-quality 3D animation (Pixar/Disney style), warm golden and brown color palette, volumetric lighting, divine atmosphere, peaceful and majestic. Wide shot, detailed background. No text, no words on image, 8k resolution, masterpiece."
daniel-10-3.png,"A cinematic 16:9 wide-angle 3D animated scene representing the bible verse: 'I ate no pleasant bread, neither came flesh nor wine in my mouth, neither did I anoint myself at all, till three whole weeks were fulfilled. {pleasant...: Heb. bread of desires}'. Style: High-quality 3D animation (Pixar/Disney style), warm golden and brown color palette, volumetric lighting, divine atmosphere, peaceful and majestic. Wide shot, detailed background. No text, no words on image, 8k resolution, masterpiece."
colossians-3-2.png,"A cinematic 16:9 wide-angle 3D animated scene representing the bible verse: 'Set your affection on things above, not on things on the earth. {affection: or, mind}'. Style: High-quality 3D animation (Pixar/Disney style), warm golden and brown color palette, volumetric lighting, divine atmosphere, peaceful and majestic. Wide shot, detailed background. No text, no words on image, 8k resolution, masterpiece."
ecclesiastes-11-5.png,"A cinematic 16:9 wide-angle 3D animated scene representing the bible verse: 'As thou knowest not what {is} the way of the spirit, {nor} how the bones {do grow} in the womb of her that is with child: even so thou knowest not the works of God who maketh all.'. Style: High-quality 3D animation (Pixar/Disney style), warm golden and brown color palette, volumetric lighting, divine atmosphere, peaceful and majestic. Wide shot, detailed background. No text, no words on image, 8k resolution, masterpiece."
1-corinthians-13-3.png,"A cinematic 16:9 wide-angle 3D animated scene representing the bible verse: 'And though I bestow all my goods to feed {the poor}, and though I give my body to be burned, and have not charity, it profiteth me nothing.'. Style: High-quality 3D animation (Pixar/Disney style), warm golden and brown color palette, volumetric lighting, divine atmosphere, peaceful and majestic. Wide shot, detailed background. No text, no words on image, 8k resolution, masterpiece."
acts-10-47.png,"A cinematic 16:9 wide-angle 3D animated scene representing the bible verse: 'Can any man forbid water, that these should not be baptized, which have received the Holy Ghost as well as we?'. Style: High-quality 3D animation (Pixar/Disney style), warm golden and brown color palette, volumetric lighting, divine atmosphere, peaceful and majestic. Wide shot, detailed background. No text, no words on image, 8k resolution, masterpiece."
2-chronicles-19-7.png,"A cinematic 16:9 wide-angle 3D animated scene representing the bible verse: 'Wherefore now let the fear of the LORD be upon you; take heed and do {it}: for {there is} no iniquity with the LORD our God, nor respect of persons, nor taking of gifts.'. Style: High-quality 3D animation (Pixar/Disney style), warm golden and brown color palette, volumetric lighting, divine atmosphere, peaceful and majestic. Wide shot, detailed background. No text, no words on image, 8k resolution, masterpiece."
ecclesiastes-11-10.png,"A cinematic 16:9 wide-angle 3D animated scene representing the bible verse: 'Therefore remove sorrow from thy heart, and put away evil from thy flesh: for childhood and youth {are} vanity. {sorrow: or, anger}'. Style: High-quality 3D animation (Pixar/Disney style), warm golden and brown color palette, volumetric lighting, divine atmosphere, peaceful and majestic. Wide shot, detailed background. No text, no words on image, 8k resolution, masterpiece."
colossians-1-27.png,"A cinematic 16:9 wide-angle 3D animated scene representing the bible verse: 'To whom God would make known what {is} the riches of the glory of this mystery among the Gentiles; which is Christ in you, the hope of glory: {in: or, among}'. Style: High-quality 3D animation (Pixar/Disney style), warm golden and brown color palette, volumetric lighting, divine atmosphere, peaceful and majestic. Wide shot, detailed background. No text, no words on image, 8k resolution, masterpiece."
1-corinthians-8-4.png,"A cinematic 16:9 wide-angle 3D animated scene representing the bible verse: 'As concerning therefore the eating of those things that are offered in sacrifice unto idols, we know that an idol {is} nothing in the world, and that {there is} none other God but one.'. Style: High-quality 3D animation (Pixar/Disney style), warm golden and brown color palette, volumetric lighting, divine atmosphere, peaceful and majestic. Wide shot, detailed background. No text, no words on image, 8k resolution, masterpiece."
galatians-2-20.png,"A cinematic 16:9 wide-angle 3D animated scene representing the bible verse: 'I am crucified with Christ: nevertheless I live; yet not I, but Christ liveth in me: and the life which I now live in the flesh I live by the faith of the Son of God, who loved me, and gave himself for me.'. Style: High-quality 3D animation (Pixar/Disney style), warm golden and brown color palette, volumetric lighting, divine atmosphere, peaceful and majestic. Wide shot, detailed background. No text, no words on image, 8k resolution, masterpiece."
deuteronomy-15-6.png,"A cinematic 16:9 wide-angle 3D animated scene representing the bible verse: 'For the LORD thy God blesseth thee, as he promised thee: and thou shalt lend unto many nations, but thou shalt not borrow; and thou shalt reign over many nations, but they shall not reign over thee.'. Style: High-quality 3D animation (Pixar/Disney style), warm golden and brown color palette, volumetric lighting, divine atmosphere, peaceful and majestic. Wide shot, detailed background. No text, no words on image, 8k resolution, masterpiece."
deuteronomy-6-6-7.png,"A cinematic 16:9 wide-angle 3D animated scene representing the bible verse: 'And these words, which I command thee this day, shall be in thine heart: And thou shalt teach them diligently unto thy children, and shalt talk of them when thou sittest in thine house, and when thou walkest by the way, and when thou liest down, and when thou risest up. {teach: Heb. whet, or, sharpen}'. Style: High-quality 3D animation (Pixar/Disney style), warm golden and brown color palette, volumetric lighting, divine atmosphere, peaceful and majestic. Wide shot, detailed background. No text, no words on image, 8k resolution, masterpiece."
2-corinthians-12-9.png,"A cinematic 16:9 wide-angle 3D animated scene representing the bible verse: 'And he said unto me, My grace is sufficient for thee: for my strength is made perfect in weakness. Most gladly therefore will I rather glory in my infirmities, that the power of Christ may rest upon me.'. Style: High-quality 3D animation (Pixar/Disney style), warm golden and brown color palette, volumetric lighting, divine atmosphere, peaceful and majestic. Wide shot, detailed background. No text, no words on image, 8k resolution, masterpiece."
deuteronomy-4-29.png,"A cinematic 16:9 wide-angle 3D animated scene representing the bible verse: 'But if from thence thou shalt seek the LORD thy God, thou shalt find {him}, if thou seek him with all thy heart and with all thy soul.'. Style: High-quality 3D animation (Pixar/Disney style), warm golden and brown color palette, volumetric lighting, divine atmosphere, peaceful and majestic. Wide shot, detailed background. No text, no words on image, 8k resolution, masterpiece."
ecclesiastes-12-13.png,"A cinematic 16:9 wide-angle 3D animated scene representing the bible verse: 'Let us hear the conclusion of the whole matter: Fear God, and keep his commandments: for this {is} the whole {duty} of man. {Let...: or, The end of the matter, even all that hath been heard, is}'. Style: High-quality 3D animation (Pixar/Disney style), warm golden and brown color palette, volumetric lighting, divine atmosphere, peaceful and majestic. Wide shot, detailed background. No text, no words on image, 8k resolution, masterpiece."
psalms-5-12.png,"A cinematic 16:9 wide-angle 3D animated scene representing the bible verse: 'For thou, LORD, wilt bless the righteous; with favour wilt thou compass him as {with} a shield. {compass: Heb. crown}'. Style: High-quality 3D animation (Pixar/Disney style), warm golden and brown color palette, volumetric lighting, divine atmosphere, peaceful and majestic. Wide shot, detailed background. No text, no words on image, 8k resolution, masterpiece."
deuteronomy-7-9.png,"A cinematic 16:9 wide-angle 3D animated scene representing the bible verse: 'Know therefore that the LORD thy God, he {is} God, the faithful God, which keepeth covenant and mercy with them that love him and keep his commandments to a thousand generations;'. Style: High-quality 3D animation (Pixar/Disney style), warm golden and brown color palette, volumetric lighting, divine atmosphere, peaceful and majestic. Wide shot, detailed background. No text, no words on image, 8k resolution, masterpiece."
1-corinthians-16-13.png,"A cinematic 16:9 wide-angle 3D animated scene representing the bible verse: 'Watch ye, stand fast in the faith, quit you like men, be strong.'. Style: High-quality 3D animation (Pixar/Disney style), warm golden and brown color palette, volumetric lighting, divine atmosphere, peaceful and majestic. Wide shot, detailed background. No text, no words on image, 8k resolution, masterpiece."
deuteronomy-5-15.png,"A cinematic 16:9 wide-angle 3D animated scene representing the bible verse: 'And remember that thou wast a servant in the land of Egypt, and {that} the LORD thy God brought thee out thence through a mighty hand and by a stretched out arm: therefore the LORD thy God commanded thee to keep the sabbath day.'. Style: High-quality 3D animation (Pixar/Disney style), warm golden and brown color palette, volumetric lighting, divine atmosphere, peaceful and majestic. Wide shot, detailed background. No text, no words on image, 8k resolution, masterpiece."
romans-12-2.png,"A cinematic 16:9 wide-angle 3D animated scene representing the bible verse: 'And be not conformed to this world: but be ye transformed by the renewing of your mind, that ye may prove what {is} that good, and acceptable, and perfect, will of God.'. Style: High-quality 3D animation (Pixar/Disney style), warm golden and brown color palette, volumetric lighting, divine atmosphere, peaceful and majestic. Wide shot, detailed background. No text, no words on image, 8k resolution, masterpiece."
deuteronomy-8-3.png,"A cinematic 16:9 wide-angle 3D animated scene representing the bible verse: 'And he humbled thee, and suffered thee to hunger, and fed thee with manna, which thou knewest not, neither did thy fathers know; that he might make thee know that man doth not live by bread only, but by every {word} that proceedeth out of the mouth of the LORD doth man live.'. Style: High-quality 3D animation (Pixar/Disney style), warm golden and brown color palette, volumetric lighting, divine atmosphere, peaceful and majestic. Wide shot, detailed background. No text, no words on image, 8k resolution, masterpiece."
deuteronomy-31-6.png,"A cinematic 16:9 wide-angle 3D animated scene representing the bible verse: 'Be strong and of a good courage, fear not, nor be afraid of them: for the LORD thy God, he {it is} that doth go with thee; he will not fail thee, nor forsake thee.'. Style: High-quality 3D animation (Pixar/Disney style), warm golden and brown color palette, volumetric lighting, divine atmosphere, peaceful and majestic. Wide shot, detailed background. No text, no words on image, 8k resolution, masterpiece."
acts-20-24.png,"A cinematic 16:9 wide-angle 3D animated scene representing the bible verse: 'But none of these things move me, neither count I my life dear unto myself, so that I might finish my course with joy, and the ministry, which I have received of the Lord Jesus, to testify the gospel of the grace of God.'. Style: High-quality 3D animation (Pixar/Disney style), warm golden and brown color palette, volumetric lighting, divine atmosphere, peaceful and majestic. Wide shot, detailed background. No text, no words on image, 8k resolution, masterpiece."
acts-2-1-2.png,"A cinematic 16:9 wide-angle 3D animated scene representing the bible verse: 'And when the day of Pentecost was fully come, they were all with one accord in one place. And suddenly there came a sound from heaven as of a rushing mighty wind, and it filled all the house where they were sitting.'. Style: High-quality 3D animation (Pixar/Disney style), warm golden and brown color palette, volumetric lighting, divine atmosphere, peaceful and majestic. Wide shot, detailed background. No text, no words on image, 8k resolution, masterpiece."
1-peter-5-7.png,"A cinematic 16:9 wide-angle 3D animated scene representing the bible verse: 'Casting all your care upon him; for he careth for you.'. Style: High-quality 3D animation (Pixar/Disney style), warm golden and brown color palette, volumetric lighting, divine atmosphere, peaceful and majestic. Wide shot, detailed background. No text, no words on image, 8k resolution, masterpiece."
2-corinthians-9-6.png,"A cinematic 16:9 wide-angle 3D animated scene representing the bible verse: 'But this {I say}, He which soweth sparingly shall reap also sparingly; and he which soweth bountifully shall reap also bountifully.'. Style: High-quality 3D animation (Pixar/Disney style), warm golden and brown color palette, volumetric lighting, divine atmosphere, peaceful and majestic. Wide shot, detailed background. No text, no words on image, 8k resolution, masterpiece."
acts-1-8.png,"A cinematic 16:9 wide-angle 3D animated scene representing the bible verse: 'But ye shall receive power, after that the Holy Ghost is come upon you: and ye shall be witnesses unto me both in Jerusalem, and in all Judaea, and in Samaria, and unto the uttermost part of the earth. {power...: or, the power of the Holy Ghost coming upon you}'. Style: High-quality 3D animation (Pixar/Disney style), warm golden and brown color palette, volumetric lighting, divine atmosphere, peaceful and majestic. Wide shot, detailed background. No text, no words on image, 8k resolution, masterpiece."
revelation-3-20.png,"A cinematic 16:9 wide-angle 3D animated scene representing the bible verse: 'Behold, I stand at the door, and knock: if any man hear my voice, and open the door, I will come in to him, and will sup with him, and he with me.'. Style: High-quality 3D animation (Pixar/Disney style), warm golden and brown color palette, volumetric lighting, divine atmosphere, peaceful and majestic. Wide shot, detailed background. No text, no words on image, 8k resolution, masterpiece."
psalms-46-1.png,"A cinematic 16:9 wide-angle 3D animated scene representing the bible verse: '[To the chief Musician for the sons of Korah, A Song upon Alamoth.] God {is} our refuge and strength, a very present help in trouble. {for: or, of}'. Style: High-quality 3D animation (Pixar/Disney style), warm golden and brown color palette, volumetric lighting, divine atmosphere, peaceful and majestic. Wide shot, detailed background. No text, no words on image, 8k resolution, masterpiece."
deuteronomy-28-1.png,"A cinematic 16:9 wide-angle 3D animated scene representing the bible verse: 'And it shall come to pass, if thou shalt hearken diligently unto the voice of the LORD thy God, to observe {and} to do all his commandments which I command thee this day, that the LORD thy God will set thee on high above all nations of the earth:'. Style: High-quality 3D animation (Pixar/Disney style), warm golden and brown color palette, volumetric lighting, divine atmosphere, peaceful and majestic. Wide shot, detailed background. No text, no words on image, 8k resolution, masterpiece."
ecclesiastes-10-12.png,"A cinematic 16:9 wide-angle 3D animated scene representing the bible verse: 'The words of a wise man's mouth {are} gracious; but the lips of a fool will swallow up himself. {gracious: Heb. grace}'. Style: High-quality 3D animation (Pixar/Disney style), warm golden and brown color palette, volumetric lighting, divine atmosphere, peaceful and majestic. Wide shot, detailed background. No text, no words on image, 8k resolution, masterpiece."
1-corinthians-12-13.png,"A cinematic 16:9 wide-angle 3D animated scene representing the bible verse: 'For by one Spirit are we all baptized into one body, whether {we be} Jews or Gentiles, whether {we be} bond or free; and have been all made to drink into one Spirit. {Gentiles: Gr. Greeks}'. Style: High-quality 3D animation (Pixar/Disney style), warm golden and brown color palette, volumetric lighting, divine atmosphere, peaceful and majestic. Wide shot, detailed background. No text, no words on image, 8k resolution, masterpiece."
acts-22-7.png,"A cinematic 16:9 wide-angle 3D animated scene representing the bible verse: 'And I fell unto the ground, and heard a voice saying unto me, Saul, Saul, why persecutest thou me?'. Style: High-quality 3D animation (Pixar/Disney style), warm golden and brown color palette, volumetric lighting, divine atmosphere, peaceful and majestic. Wide shot, detailed background. No text, no words on image, 8k resolution, masterpiece."
psalms-27-1.png,"A cinematic 16:9 wide-angle 3D animated scene representing the bible verse: '[{A Psalm} of David.] The LORD {is} my light and my salvation; whom shall I fear? the LORD {is} the strength of my life; of whom shall I be afraid?'. Style: High-quality 3D animation (Pixar/Disney style), warm golden and brown color palette, volumetric lighting, divine atmosphere, peaceful and majestic. Wide shot, detailed background. No text, no words on image, 8k resolution, masterpiece."
isaiah-43-2.png,"A cinematic 16:9 wide-angle 3D animated scene representing the bible verse: 'When thou passest through the waters, I {will be} with thee; and through the rivers, they shall not overflow thee: when thou walkest through the fire, thou shalt not be burned; neither shall the flame kindle upon thee.'. Style: High-quality 3D animation (Pixar/Disney style), warm golden and brown color palette, volumetric lighting, divine atmosphere, peaceful and majestic. Wide shot, detailed background. No text, no words on image, 8k resolution, masterpiece."
acts-17-30.png,"A cinematic 16:9 wide-angle 3D animated scene representing the bible verse: 'And the times of this ignorance God winked at; but now commandeth all men every where to repent:'. Style: High-quality 3D animation (Pixar/Disney style), warm golden and brown color palette, volumetric lighting, divine atmosphere, peaceful and majestic. Wide shot, detailed background. No text, no words on image, 8k resolution, masterpiece."
acts-4-31.png,"A cinematic 16:9 wide-angle 3D animated scene representing the bible verse: 'And when they had prayed, the place was shaken where they were assembled together; and they were all filled with the Holy Ghost, and they spake the word of God with boldness.'. Style: High-quality 3D animation (Pixar/Disney style), warm golden and brown color palette, volumetric lighting, divine atmosphere, peaceful and majestic. Wide shot, detailed background. No text, no words on image, 8k resolution, masterpiece."
acts-16-31.png,"A cinematic 16:9 wide-angle 3D animated scene representing the bible verse: 'And they said, Believe on the Lord Jesus Christ, and thou shalt be saved, and thy house.'. Style: High-quality 3D animation (Pixar/Disney style), warm golden and brown color palette, volumetric lighting, divine atmosphere, peaceful and majestic. Wide shot, detailed background. No text, no words on image, 8k resolution, masterpiece."
john-12-13.png,"A cinematic 16:9 wide-angle 3D animated scene representing the bible verse: 'Took branches of palm trees, and went forth to meet him, and cried, Hosanna: Blessed {is} the King of Israel that cometh in the name of the Lord.'. Style: High-quality 3D animation (Pixar/Disney style), warm golden and brown color palette, volumetric lighting, divine atmosphere, peaceful and majestic. Wide shot, detailed background. No text, no words on image, 8k resolution, masterpiece."
colossians-3-12.png,"A cinematic 16:9 wide-angle 3D animated scene representing the bible verse: 'Put on therefore, as the elect of God, holy and beloved, bowels of mercies, kindness, humbleness of mind, meekness, longsuffering;'. Style: High-quality 3D animation (Pixar/Disney style), warm golden and brown color palette, volumetric lighting, divine atmosphere, peaceful and majestic. Wide shot, detailed background. No text, no words on image, 8k resolution, masterpiece."
proverbs-3-5-6.png,"A cinematic 16:9 wide-angle 3D animated scene representing the bible verse: 'Trust in the LORD with all thine heart; and lean not unto thine own understanding. In all thy ways acknowledge him, and he shall direct thy paths.'. Style: High-quality 3D animation (Pixar/Disney style), warm golden and brown color palette, volumetric lighting, divine atmosphere, peaceful and majestic. Wide shot, detailed background. No text, no words on image, 8k resolution, masterpiece."
2-corinthians-9-11.png,"A cinematic 16:9 wide-angle 3D animated scene representing the bible verse: 'Being enriched in every thing to all bountifulness, which causeth through us thanksgiving to God. {bountifulness: or, liberality: Gr. simplicity}'. Style: High-quality 3D animation (Pixar/Disney style), warm golden and brown color palette, volumetric lighting, divine atmosphere, peaceful and majestic. Wide shot, detailed background. No text, no words on image, 8k resolution, masterpiece."
matthew-5-16.png,"A cinematic 16:9 wide-angle 3D animated scene representing the bible verse: 'Let your light so shine before men, that they may see your good works, and glorify your Father which is in heaven.'. Style: High-quality 3D animation (Pixar/Disney style), warm golden and brown color palette, volumetric lighting, divine atmosphere, peaceful and majestic. Wide shot, detailed background. No text, no words on image, 8k resolution, masterpiece."
isaiah-53-5.png,"A cinematic 16:9 wide-angle 3D animated scene representing the bible verse: 'But he {was} wounded for our transgressions, {he was} bruised for our iniquities: the chastisement of our peace {was} upon him; and with his stripes we are healed. {wounded: or, tormented} {stripes: Heb. bruise}'. Style: High-quality 3D animation (Pixar/Disney style), warm golden and brown color palette, volumetric lighting, divine atmosphere, peaceful and majestic. Wide shot, detailed background. No text, no words on image, 8k resolution, masterpiece."
acts-5-32.png,"A cinematic 16:9 wide-angle 3D animated scene representing the bible verse: 'And we are his witnesses of these things; and {so is} also the Holy Ghost, whom God hath given to them that obey him.'. Style: High-quality 3D animation (Pixar/Disney style), warm golden and brown color palette, volumetric lighting, divine atmosphere, peaceful and majestic. Wide shot, detailed background. No text, no words on image, 8k resolution, masterpiece."
matthew-28-6.png,"A cinematic 16:9 wide-angle 3D animated scene representing the bible verse: 'He is not here: for he is risen, as he said. Come, see the place where the Lord lay.'. Style: High-quality 3D animation (Pixar/Disney style), warm golden and brown color palette, volumetric lighting, divine atmosphere, peaceful and majestic. Wide shot, detailed background. No text, no words on image, 8k resolution, masterpiece."
2-corinthians-5-19.png,"A cinematic 16:9 wide-angle 3D animated scene representing the bible verse: 'To wit, that God was in Christ, reconciling the world unto himself, not imputing their trespasses unto them; and hath committed unto us the word of reconciliation. {committed...: Gr. put in us}'. Style: High-quality 3D animation (Pixar/Disney style), warm golden and brown color palette, volumetric lighting, divine atmosphere, peaceful and majestic. Wide shot, detailed background. No text, no words on image, 8k resolution, masterpiece."
1-corinthians-10-31.png,"A cinematic 16:9 wide-angle 3D animated scene representing the bible verse: 'Whether therefore ye eat, or drink, or whatsoever ye do, do all to the glory of God.'. Style: High-quality 3D animation (Pixar/Disney style), warm golden and brown color palette, volumetric lighting, divine atmosphere, peaceful and majestic. Wide shot, detailed background. No text, no words on image, 8k resolution, masterpiece."
acts-19-5-6.png,"A cinematic 16:9 wide-angle 3D animated scene representing the bible verse: 'When they heard {this}, they were baptized in the name of the Lord Jesus. And when Paul had laid {his} hands upon them, the Holy Ghost came on them; and they spake with tongues, and prophesied.'. Style: High-quality 3D animation (Pixar/Disney style), warm golden and brown color palette, volumetric lighting, divine atmosphere, peaceful and majestic. Wide shot, detailed background. No text, no words on image, 8k resolution, masterpiece."
matthew-11-28.png,"A cinematic 16:9 wide-angle 3D animated scene representing the bible verse: 'Come unto me, all {ye} that labour and are heavy laden, and I will give you rest.'. Style: High-quality 3D animation (Pixar/Disney style), warm golden and brown color palette, volumetric lighting, divine atmosphere, peaceful and majestic. Wide shot, detailed background. No text, no words on image, 8k resolution, masterpiece."
2-corinthians-6-14.png,"A cinematic 16:9 wide-angle 3D animated scene representing the bible verse: 'Be ye not unequally yoked together with unbelievers: for what fellowship hath righteousness with unrighteousness? and what communion hath light with darkness?'. Style: High-quality 3D animation (Pixar/Disney style), warm golden and brown color palette, volumetric lighting, divine atmosphere, peaceful and majestic. Wide shot, detailed background. No text, no words on image, 8k resolution, masterpiece."
acts-13-38-39.png,"A cinematic 16:9 wide-angle 3D animated scene representing the bible verse: 'Be it known unto you therefore, men {and} brethren, that through this man is preached unto you the forgiveness of sins: And by him all that believe are justified from all things, from which ye could not be justified by the law of Moses.'. Style: High-quality 3D animation (Pixar/Disney style), warm golden and brown color palette, volumetric lighting, divine atmosphere, peaceful and majestic. Wide shot, detailed background. No text, no words on image, 8k resolution, masterpiece."
1-chronicles-16-34.png,"A cinematic 16:9 wide-angle 3D animated scene representing the bible verse: 'O give thanks unto the LORD; for {he is} good; for his mercy {endureth} for ever.'. Style: High-quality 3D animation (Pixar/Disney style), warm golden and brown color palette, volumetric lighting, divine atmosphere, peaceful and majestic. Wide shot, detailed background. No text, no words on image, 8k resolution, masterpiece."
deuteronomy-4-40.png,"A cinematic 16:9 wide-angle 3D animated scene representing the bible verse: 'Thou shalt keep therefore his statutes, and his commandments, which I command thee this day, that it may go well with thee, and with thy children after thee, and that thou mayest prolong {thy} days upon the earth, which the LORD thy God giveth thee, for ever.'. Style: High-quality 3D animation (Pixar/Disney style), warm golden and brown color palette, volumetric lighting, divine atmosphere, peaceful and majestic. Wide shot, detailed background. No text, no words on image, 8k resolution, masterpiece."
deuteronomy-5-33.png,"A cinematic 16:9 wide-angle 3D animated scene representing the bible verse: 'Ye shall walk in all the ways which the LORD your God hath commanded you, that ye may live, and {that it may be} well with you, and {that} ye may prolong {your} days in the land which ye shall possess.'. Style: High-quality 3D animation (Pixar/Disney style), warm golden and brown color palette, volumetric lighting, divine atmosphere, peaceful and majestic. Wide shot, detailed background. No text, no words on image, 8k resolution, masterpiece."
colossians-3-16.png,"A cinematic 16:9 wide-angle 3D animated scene representing the bible verse: 'Let the word of Christ dwell in you richly in all wisdom; teaching and admonishing one another in psalms and hymns and spiritual songs, singing with grace in your hearts to the Lord.'. Style: High-quality 3D animation (Pixar/Disney style), warm golden and brown color palette, volumetric lighting, divine atmosphere, peaceful and majestic. Wide shot, detailed background. No text, no words on image, 8k resolution, masterpiece."
acts-13-47.png,"A cinematic 16:9 wide-angle 3D animated scene representing the bible verse: 'For so hath the Lord commanded us, {saying}, I have set thee to be a light of the Gentiles, that thou shouldest be for salvation unto the ends of the earth.'. Style: High-quality 3D animation (Pixar/Disney style), warm golden and brown color palette, volumetric lighting, divine atmosphere, peaceful and majestic. Wide shot, detailed background. No text, no words on image, 8k resolution, masterpiece."
1-john-4-19.png,"A cinematic 16:9 wide-angle 3D animated scene representing the bible verse: 'We love him, because he first loved us.'. Style: High-quality 3D animation (Pixar/Disney style), warm golden and brown color palette, volumetric lighting, divine atmosphere, peaceful and majestic. Wide shot, detailed background. No text, no words on image, 8k resolution, masterpiece."
1-corinthians-1-28-29.png,"A cinematic 16:9 wide-angle 3D animated scene representing the bible verse: 'And base things of the world, and things which are despised, hath God chosen, {yea}, and things which are not, to bring to nought things that are: That no flesh should glory in his presence.'. Style: High-quality 3D animation (Pixar/Disney style), warm golden and brown color palette, volumetric lighting, divine atmosphere, peaceful and majestic. Wide shot, detailed background. No text, no words on image, 8k resolution, masterpiece."
isaiah-41-10.png,"A cinematic 16:9 wide-angle 3D animated scene representing the bible verse: 'Fear thou not; for I {am} with thee: be not dismayed; for I {am} thy God: I will strengthen thee; yea, I will help thee; yea, I will uphold thee with the right hand of my righteousness.'. Style: High-quality 3D animation (Pixar/Disney style), warm golden and brown color palette, volumetric lighting, divine atmosphere, peaceful and majestic. Wide shot, detailed background. No text, no words on image, 8k resolution, masterpiece."
psalms-56-3.png,"A cinematic 16:9 wide-angle 3D animated scene representing the bible verse: 'What time I am afraid, I will trust in thee.'. Style: High-quality 3D animation (Pixar/Disney style), warm golden and brown color palette, volumetric lighting, divine atmosphere, peaceful and majestic. Wide shot, detailed background. No text, no words on image, 8k resolution, masterpiece."
2-corinthians-4-17.png,"A cinematic 16:9 wide-angle 3D animated scene representing the bible verse: 'For our light affliction, which is but for a moment, worketh for us a far more exceeding {and} eternal weight of glory;'. Style: High-quality 3D animation (Pixar/Disney style), warm golden and brown color palette, volumetric lighting, divine atmosphere, peaceful and majestic. Wide shot, detailed background. No text, no words on image, 8k resolution, masterpiece."
colossians-1-18.png,"A cinematic 16:9 wide-angle 3D animated scene representing the bible verse: 'And he is the head of the body, the church: who is the beginning, the firstborn from the dead; that in all {things} he might have the preeminence. {in...: or, among all}'. Style: High-quality 3D animation (Pixar/Disney style), warm golden and brown color palette, volumetric lighting, divine atmosphere, peaceful and majestic. Wide shot, detailed background. No text, no words on image, 8k resolution, masterpiece."
acts-2-21.png,"A cinematic 16:9 wide-angle 3D animated scene representing the bible verse: 'And it shall come to pass, {that} whosoever shall call on the name of the Lord shall be saved.'. Style: High-quality 3D animation (Pixar/Disney style), warm golden and brown color palette, volumetric lighting, divine atmosphere, peaceful and majestic. Wide shot, detailed background. No text, no words on image, 8k resolution, masterpiece."
daniel-2-22.png,"A cinematic 16:9 wide-angle 3D animated scene representing the bible verse: 'He revealeth the deep and secret things: he knoweth what {is} in the darkness, and the light dwelleth with him.'. Style: High-quality 3D animation (Pixar/Disney style), warm golden and brown color palette, volumetric lighting, divine atmosphere, peaceful and majestic. Wide shot, detailed background. No text, no words on image, 8k resolution, masterpiece."
1-chronicles-16-11.png,"A cinematic 16:9 wide-angle 3D animated scene representing the bible verse: 'Seek the LORD and his strength, seek his face continually.'. Style: High-quality 3D animation (Pixar/Disney style), warm golden and brown color palette, volumetric lighting, divine atmosphere, peaceful and majestic. Wide shot, detailed background. No text, no words on image, 8k resolution, masterpiece."
2-corinthians-13-11.png,"A cinematic 16:9 wide-angle 3D animated scene representing the bible verse: 'Finally, brethren, farewell. Be perfect, be of good comfort, be of one mind, live in peace; and the God of love and peace shall be with you.'. Style: High-quality 3D animation (Pixar/Disney style), warm golden and brown color palette, volumetric lighting, divine atmosphere, peaceful and majestic. Wide shot, detailed background. No text, no words on image, 8k resolution, masterpiece."
1-chronicles-29-11.png,"A cinematic 16:9 wide-angle 3D animated scene representing the bible verse: 'Thine, O LORD, {is} the greatness, and the power, and the glory, and the victory, and the majesty: for all {that is} in the heaven and in the earth {is thine}; thine {is} the kingdom, O LORD, and thou art exalted as head above all.'. Style: High-quality 3D animation (Pixar/Disney style), warm golden and brown color palette, volumetric lighting, divine atmosphere, peaceful and majestic. Wide shot, detailed background. No text, no words on image, 8k resolution, masterpiece."
1-corinthians-15-58.png,"A cinematic 16:9 wide-angle 3D animated scene representing the bible verse: 'Therefore, my beloved brethren, be ye stedfast, unmoveable, always abounding in the work of the Lord, forasmuch as ye know that your labour is not in vain in the Lord.'. Style: High-quality 3D animation (Pixar/Disney style), warm golden and brown color palette, volumetric lighting, divine atmosphere, peaceful and majestic. Wide shot, detailed background. No text, no words on image, 8k resolution, masterpiece."
deuteronomy-5-29.png,"A cinematic 16:9 wide-angle 3D animated scene representing the bible verse: 'O that there were such an heart in them, that they would fear me, and keep all my commandments always, that it might be well with them, and with their children for ever!'. Style: High-quality 3D animation (Pixar/Disney style), warm golden and brown color palette, volumetric lighting, divine atmosphere, peaceful and majestic. Wide shot, detailed background. No text, no words on image, 8k resolution, masterpiece."
matthew-6-33.png,"A cinematic 16:9 wide-angle 3D animated scene representing the bible verse: 'But seek ye first the kingdom of God, and his righteousness; and all these things shall be added unto you.'. Style: High-quality 3D animation (Pixar/Disney style), warm golden and brown color palette, volumetric lighting, divine atmosphere, peaceful and majestic. Wide shot, detailed background. No text, no words on image, 8k resolution, masterpiece."
2-corinthians-7-1.png,"A cinematic 16:9 wide-angle 3D animated scene representing the bible verse: 'Having therefore these promises, dearly beloved, let us cleanse ourselves from all filthiness of the flesh and spirit, perfecting holiness in the fear of God.'. Style: High-quality 3D animation (Pixar/Disney style), warm golden and brown color palette, volumetric lighting, divine atmosphere, peaceful and majestic. Wide shot, detailed background. No text, no words on image, 8k resolution, masterpiece."
colossians-4-2.png,"A cinematic 16:9 wide-angle 3D animated scene representing the bible verse: 'Continue in prayer, and watch in the same with thanksgiving;'. Style: High-quality 3D animation (Pixar/Disney style), warm golden and brown color palette, volumetric lighting, divine atmosphere, peaceful and majestic. Wide shot, detailed background. No text, no words on image, 8k resolution, masterpiece."
proverbs-31-28.png,"A cinematic 16:9 wide-angle 3D animated scene representing the bible verse: 'Her children arise up, and call her blessed; her husband {also}, and he praiseth her.'. Style: High-quality 3D animation (Pixar/Disney style), warm golden and brown color palette, volumetric lighting, divine atmosphere, peaceful and majestic. Wide shot, detailed background. No text, no words on image, 8k resolution, masterpiece."
2-corinthians-1-3-4.png,"A cinematic 16:9 wide-angle 3D animated scene representing the bible verse: 'Blessed {be} God, even the Father of our Lord Jesus Christ, the Father of mercies, and the God of all comfort; Who comforteth us in all our tribulation, that we may be able to comfort them which are in any trouble, by the comfort wherewith we ourselves are comforted of God.'. Style: High-quality 3D animation (Pixar/Disney style), warm golden and brown color palette, volumetric lighting, divine atmosphere, peaceful and majestic. Wide shot, detailed background. No text, no words on image, 8k resolution, masterpiece."
isaiah-26-3.png,"A cinematic 16:9 wide-angle 3D animated scene representing the bible verse: 'Thou wilt keep {him} in perfect peace, {whose} mind {is} stayed {on thee}: because he trusteth in thee. {perfect...: Heb. peace, peace} {mind: or, thought, or, imagination}'. Style: High-quality 3D animation (Pixar/Disney style), warm golden and brown color palette, volumetric lighting, divine atmosphere, peaceful and majestic. Wide shot, detailed background. No text, no words on image, 8k resolution, masterpiece."
jeremiah-33-3.png,"A cinematic 16:9 wide-angle 3D animated scene representing the bible verse: 'Call unto me, and I will answer thee, and shew thee great and mighty things, which thou knowest not. {mighty: or, hidden}'. Style: High-quality 3D animation (Pixar/Disney style), warm golden and brown color palette, volumetric lighting, divine atmosphere, peaceful and majestic. Wide shot, detailed background. No text, no words on image, 8k resolution, masterpiece."
acts-16-25.png,"A cinematic 16:9 wide-angle 3D animated scene representing the bible verse: 'And at midnight Paul and Silas prayed, and sang praises unto God: and the prisoners heard them.'. Style: High-quality 3D animation (Pixar/Disney style), warm golden and brown color palette, volumetric lighting, divine atmosphere, peaceful and majestic. Wide shot, detailed background. No text, no words on image, 8k resolution, masterpiece."
1-corinthians-13-2.png,"A cinematic 16:9 wide-angle 3D animated scene representing the bible verse: 'And though I have {the gift of} prophecy, and understand all mysteries, and all knowledge; and though I have all faith, so that I could remove mountains, and have not charity, I am nothing.'. Style: High-quality 3D animation (Pixar/Disney style), warm golden and brown color palette, volumetric lighting, divine atmosphere, peaceful and majestic. Wide shot, detailed background. No text, no words on image, 8k resolution, masterpiece."
acts-4-32.png,"A cinematic 16:9 wide-angle 3D animated scene representing the bible verse: 'And the multitude of them that believed were of one heart and of one soul: neither said any {of them} that ought of the things which he possessed was his own; but they had all things common.'. Style: High-quality 3D animation (Pixar/Disney style), warm golden and brown color palette, volumetric lighting, divine atmosphere, peaceful and majestic. Wide shot, detailed background. No text, no words on image, 8k resolution, masterpiece."
1-corinthians-1-9.png,"A cinematic 16:9 wide-angle 3D animated scene representing the bible verse: 'God {is} faithful, by whom ye were called unto the fellowship of his Son Jesus Christ our Lord.'. Style: High-quality 3D animation (Pixar/Disney style), warm golden and brown color palette, volumetric lighting, divine atmosphere, peaceful and majestic. Wide shot, detailed background. No text, no words on image, 8k resolution, masterpiece."
deuteronomy-14-9-10.png,"A cinematic 16:9 wide-angle 3D animated scene representing the bible verse: 'These ye shall eat of all that {are} in the waters: all that have fins and scales shall ye eat: And whatsoever hath not fins and scales ye may not eat; it {is} unclean unto you.'. Style: High-quality 3D animation (Pixar/Disney style), warm golden and brown color palette, volumetric lighting, divine atmosphere, peaceful and majestic. Wide shot, detailed background. No text, no words on image, 8k resolution, masterpiece."
colossians-3-14.png,"A cinematic 16:9 wide-angle 3D animated scene representing the bible verse: 'And above all these things {put on} charity, which is the bond of perfectness.'. Style: High-quality 3D animation (Pixar/Disney style), warm golden and brown color palette, volumetric lighting, divine atmosphere, peaceful and majestic. Wide shot, detailed background. No text, no words on image, 8k resolution, masterpiece."
1-corinthians-10-13.png,"A cinematic 16:9 wide-angle 3D animated scene representing the bible verse: 'There hath no temptation taken you but such as is common to man: but God {is} faithful, who will not suffer you to be tempted above that ye are able; but will with the temptation also make a way to escape, that ye may be able to bear {it}. {common...: or, moderate}'. Style: High-quality 3D animation (Pixar/Disney style), warm golden and brown color palette, volumetric lighting, divine atmosphere, peaceful and majestic. Wide shot, detailed background. No text, no words on image, 8k resolution, masterpiece."
deuteronomy-18-21-22.png,"A cinematic 16:9 wide-angle 3D animated scene representing the bible verse: 'And if thou say in thine heart, How shall we know the word which the LORD hath not spoken? When a prophet speaketh in the name of the LORD, if the thing follow not, nor come to pass, that {is} the thing which the LORD hath not spoken, {but} the prophet hath spoken it presumptuously: thou shalt not be afraid of him.'. Style: High-quality 3D animation (Pixar/Disney style), warm golden and brown color palette, volumetric lighting, divine atmosphere, peaceful and majestic. Wide shot, detailed background. No text, no words on image, 8k resolution, masterpiece."
1-corinthians-1-18.png,"A cinematic 16:9 wide-angle 3D animated scene representing the bible verse: 'For the preaching of the cross is to them that perish foolishness; but unto us which are saved it is the power of God.'. Style: High-quality 3D animation (Pixar/Disney style), warm golden and brown color palette, volumetric lighting, divine atmosphere, peaceful and majestic. Wide shot, detailed background. No text, no words on image, 8k resolution, masterpiece."
acts-4-12.png,"A cinematic 16:9 wide-angle 3D animated scene representing the bible verse: 'Neither is there salvation in any other: for there is none other name under heaven given among men, whereby we must be saved.'. Style: High-quality 3D animation (Pixar/Disney style), warm golden and brown color palette, volumetric lighting, divine atmosphere, peaceful and majestic. Wide shot, detailed background. No text, no words on image, 8k resolution, masterpiece."
ephesians-6-10.png,"A cinematic 16:9 wide-angle 3D animated scene representing the bible verse: 'Finally, my brethren, be strong in the Lord, and in the power of his might.'. Style: High-quality 3D animation (Pixar/Disney style), warm golden and brown color palette, volumetric lighting, divine atmosphere, peaceful and majestic. Wide shot, detailed background. No text, no words on image, 8k resolution, masterpiece."
john-15-13.png,"A cinematic 16:9 wide-angle 3D animated scene representing the bible verse: 'Greater love hath no man than this, that a man lay down his life for his friends.'. Style: High-quality 3D animation (Pixar/Disney style), warm golden and brown color palette, volumetric lighting, divine atmosphere, peaceful and majestic. Wide shot, detailed background. No text, no words on image, 8k resolution, masterpiece."
1-corinthians-1-10.png,"A cinematic 16:9 wide-angle 3D animated scene representing the bible verse: 'Now I beseech you, brethren, by the name of our Lord Jesus Christ, that ye all speak the same thing, and {that} there be no divisions among you; but {that} ye be perfectly joined together in the same mind and in the same judgment. {divisions: Gr. schisms}'. Style: High-quality 3D animation (Pixar/Disney style), warm golden and brown color palette, volumetric lighting, divine atmosphere, peaceful and majestic. Wide shot, detailed background. No text, no words on image, 8k resolution, masterpiece."
deuteronomy-4-13.png,"A cinematic 16:9 wide-angle 3D animated scene representing the bible verse: 'And he declared unto you his covenant, which he commanded you to perform, {even} ten commandments; and he wrote them upon two tables of stone.'. Style: High-quality 3D animation (Pixar/Disney style), warm golden and brown color palette, volumetric lighting, divine atmosphere, peaceful and majestic. Wide shot, detailed background. No text, no words on image, 8k resolution, masterpiece."
1-john-1-9.png,"A cinematic 16:9 wide-angle 3D animated scene representing the bible verse: 'If we confess our sins, he is faithful and just to forgive us {our} sins, and to cleanse us from all unrighteousness.'. Style: High-quality 3D animation (Pixar/Disney style), warm golden and brown color palette, volumetric lighting, divine atmosphere, peaceful and majestic. Wide shot, detailed background. No text, no words on image, 8k resolution, masterpiece."
1-corinthians-6-18.png,"A cinematic 16:9 wide-angle 3D animated scene representing the bible verse: 'Flee fornication. Every sin that a man doeth is without the body; but he that committeth fornication sinneth against his own body.'. Style: High-quality 3D animation (Pixar/Disney style), warm golden and brown color palette, volumetric lighting, divine atmosphere, peaceful and majestic. Wide shot, detailed background. No text, no words on image, 8k resolution, masterpiece."
deuteronomy-4-39.png,"A cinematic 16:9 wide-angle 3D animated scene representing the bible verse: 'Know therefore this day, and consider {it} in thine heart, that the LORD he {is} God in heaven above, and upon the earth beneath: {there is} none else.'. Style: High-quality 3D animation (Pixar/Disney style), warm golden and brown color palette, volumetric lighting, divine atmosphere, peaceful and majestic. Wide shot, detailed background. No text, no words on image, 8k resolution, masterpiece."
acts-2-4.png,"A cinematic 16:9 wide-angle 3D animated scene representing the bible verse: 'And they were all filled with the Holy Ghost, and began to speak with other tongues, as the Spirit gave them utterance.'. Style: High-quality 3D animation (Pixar/Disney style), warm golden and brown color palette, volumetric lighting, divine atmosphere, peaceful and majestic. Wide shot, detailed background. No text, no words on image, 8k resolution, masterpiece."
colossians-3-18-19.png,"A cinematic 16:9 wide-angle 3D animated scene representing the bible verse: 'Wives, submit yourselves unto your own husbands, as it is fit in the Lord. Husbands, love {your} wives, and be not bitter against them.'. Style: High-quality 3D animation (Pixar/Disney style), warm golden and brown color palette, volumetric lighting, divine atmosphere, peaceful and majestic. Wide shot, detailed background. No text, no words on image, 8k resolution, masterpiece."
psalms-19-14.png,"A cinematic 16:9 wide-angle 3D animated scene representing the bible verse: 'Let the words of my mouth, and the meditation of my heart, be acceptable in thy sight, O LORD, my strength, and my redeemer. {strength: Heb. rock}'. Style: High-quality 3D animation (Pixar/Disney style), warm golden and brown color palette, volumetric lighting, divine atmosphere, peaceful and majestic. Wide shot, detailed background. No text, no words on image, 8k resolution, masterpiece."
acts-22-16.png,"A cinematic 16:9 wide-angle 3D animated scene representing the bible verse: 'And now why tarriest thou? arise, and be baptized, and wash away thy sins, calling on the name of the Lord.'. Style: High-quality 3D animation (Pixar/Disney style), warm golden and brown color palette, volumetric lighting, divine atmosphere, peaceful and majestic. Wide shot, detailed background. No text, no words on image, 8k resolution, masterpiece."
psalms-119-105.png,"A cinematic 16:9 wide-angle 3D animated scene representing the bible verse: 'NUN. Thy word {is} a lamp unto my feet, and a light unto my path. {lamp: or, candle}'. Style: High-quality 3D animation (Pixar/Disney style), warm golden and brown color palette, volumetric lighting, divine atmosphere, peaceful and majestic. Wide shot, detailed background. No text, no words on image, 8k resolution, masterpiece."
colossians-3-9-10.png,"A cinematic 16:9 wide-angle 3D animated scene representing the bible verse: 'Lie not one to another, seeing that ye have put off the old man with his deeds; And have put on the new {man}, which is renewed in knowledge after the image of him that created him:'. Style: High-quality 3D animation (Pixar/Disney style), warm golden and brown color palette, volumetric lighting, divine atmosphere, peaceful and majestic. Wide shot, detailed background. No text, no words on image, 8k resolution, masterpiece."
acts-17-28.png,"A cinematic 16:9 wide-angle 3D animated scene representing the bible verse: 'For in him we live, and move, and have our being; as certain also of your own poets have said, For we are also his offspring.'. Style: High-quality 3D animation (Pixar/Disney style), warm golden and brown color palette, volumetric lighting, divine atmosphere, peaceful and majestic. Wide shot, detailed background. No text, no words on image, 8k resolution, masterpiece."
deuteronomy-5-12-14.png,"A cinematic 16:9 wide-angle 3D animated scene representing the bible verse: 'Keep the sabbath day to sanctify it, as the LORD thy God hath commanded thee. Six days thou shalt labour, and do all thy work: But the seventh day {is} the sabbath of the LORD thy God: {in it} thou shalt not do any work, thou, nor thy son, nor thy daughter, nor thy manservant, nor thy maidservant, nor thine ox, nor thine ass, nor any of thy cattle, nor thy stranger that {is} within thy gates; that thy manservant and thy maidservant may rest as well as thou.'. Style: High-quality 3D animation (Pixar/Disney style), warm golden and brown color palette, volumetric lighting, divine atmosphere, peaceful and majestic. Wide shot, detailed background. No text, no words on image, 8k resolution, masterpiece."
2-corinthians-9-8.png,"A cinematic 16:9 wide-angle 3D animated scene representing the bible verse: 'And God {is} able to make all grace abound toward you; that ye, always having all sufficiency in all {things}, may abound to every good work:'. Style: High-quality 3D animation (Pixar/Disney style), warm golden and brown color palette, volumetric lighting, divine atmosphere, peaceful and majestic. Wide shot, detailed background. No text, no words on image, 8k resolution, masterpiece."
amos-9-6.png,"A cinematic 16:9 wide-angle 3D animated scene representing the bible verse: '{It is} he that buildeth his stories in the heaven, and hath founded his troop in the earth; he that calleth for the waters of the sea, and poureth them out upon the face of the earth: The LORD {is} his name. {stories: or, spheres: Heb. ascensions} {troop: or, bundle}'. Style: High-quality 3D animation (Pixar/Disney style), warm golden and brown color palette, volumetric lighting, divine atmosphere, peaceful and majestic. Wide shot, detailed background. No text, no words on image, 8k resolution, masterpiece."
acts-2-42.png,"A cinematic 16:9 wide-angle 3D animated scene representing the bible verse: 'And they continued stedfastly in the apostles' doctrine and fellowship, and in breaking of bread, and in prayers.'. Style: High-quality 3D animation (Pixar/Disney style), warm golden and brown color palette, volumetric lighting, divine atmosphere, peaceful and majestic. Wide shot, detailed background. No text, no words on image, 8k resolution, masterpiece."
1-corinthians-3-16.png,"A cinematic 16:9 wide-angle 3D animated scene representing the bible verse: 'Know ye not that ye are the temple of God, and {that} the Spirit of God dwelleth in you?'. Style: High-quality 3D animation (Pixar/Disney style), warm golden and brown color palette, volumetric lighting, divine atmosphere, peaceful and majestic. Wide shot, detailed background. No text, no words on image, 8k resolution, masterpiece."
acts-5-3-4.png,"A cinematic 16:9 wide-angle 3D animated scene representing the bible verse: 'But Peter said, Ananias, why hath Satan filled thine heart to lie to the Holy Ghost, and to keep back {part} of the price of the land? {to lie to: or, to deceive} Whiles it remained, was it not thine own? and after it was sold, was it not in thine own power? why hast thou conceived this thing in thine heart? thou hast not lied unto men, but unto God.'. Style: High-quality 3D animation (Pixar/Disney style), warm golden and brown color palette, volumetric lighting, divine atmosphere, peaceful and majestic. Wide shot, detailed background. No text, no words on image, 8k resolution, masterpiece."
proverbs-20-7.png,"A cinematic 16:9 wide-angle 3D animated scene representing the bible verse: 'The just {man} walketh in his integrity: his children {are} blessed after him.'. Style: High-quality 3D animation (Pixar/Disney style), warm golden and brown color palette, volumetric lighting, divine atmosphere, peaceful and majestic. Wide shot, detailed background. No text, no words on image, 8k resolution, masterpiece."
1-corinthians-15-34.png,"A cinematic 16:9 wide-angle 3D animated scene representing the bible verse: 'Awake to righteousness, and sin not; for some have not the knowledge of God: I speak {this} to your shame.'. Style: High-quality 3D animation (Pixar/Disney style), warm golden and brown color palette, volumetric lighting, divine atmosphere, peaceful and majestic. Wide shot, detailed background. No text, no words on image, 8k resolution, masterpiece."
1-corinthians-3-9.png,"A cinematic 16:9 wide-angle 3D animated scene representing the bible verse: 'For we are labourers together with God: ye are God's husbandry, {ye are} God's building. {husbandry: or, tillage}'. Style: High-quality 3D animation (Pixar/Disney style), warm golden and brown color palette, volumetric lighting, divine atmosphere, peaceful and majestic. Wide shot, detailed background. No text, no words on image, 8k resolution, masterpiece."
amos-5-14.png,"A cinematic 16:9 wide-angle 3D animated scene representing the bible verse: 'Seek good, and not evil, that ye may live: and so the LORD, the God of hosts, shall be with you, as ye have spoken.'. Style: High-quality 3D animation (Pixar/Disney style), warm golden and brown color palette, volumetric lighting, divine atmosphere, peaceful and majestic. Wide shot, detailed background. No text, no words on image, 8k resolution, masterpiece."
1-corinthians-15-57.png,"A cinematic 16:9 wide-angle 3D animated scene representing the bible verse: 'But thanks {be} to God, which giveth us the victory through our Lord Jesus Christ.'. Style: High-quality 3D animation (Pixar/Disney style), warm golden and brown color palette, volumetric lighting, divine atmosphere, peaceful and majestic. Wide shot, detailed background. No text, no words on image, 8k resolution, masterpiece."
2-corinthians-4-16.png,"A cinematic 16:9 wide-angle 3D animated scene representing the bible verse: 'For which cause we faint not; but though our outward man perish, yet the inward {man} is renewed day by day.'. Style: High-quality 3D animation (Pixar/Disney style), warm golden and brown color palette, volumetric lighting, divine atmosphere, peaceful and majestic. Wide shot, detailed background. No text, no words on image, 8k resolution, masterpiece."
colossians-3-17.png,"A cinematic 16:9 wide-angle 3D animated scene representing the bible verse: 'And whatsoever ye do in word or deed, {do} all in the name of the Lord Jesus, giving thanks to God and the Father by him.'. Style: High-quality 3D animation (Pixar/Disney style), warm golden and brown color palette, volumetric lighting, divine atmosphere, peaceful and majestic. Wide shot, detailed background. No text, no words on image, 8k resolution, masterpiece."
philippians-4-13.png,"A cinematic 16:9 wide-angle 3D animated scene representing the bible verse: 'I can do all things through Christ which strengtheneth me.'. Style: High-quality 3D animation (Pixar/Disney style), warm golden and brown color palette, volumetric lighting, divine atmosphere, peaceful and majestic. Wide shot, detailed background. No text, no words on image, 8k resolution, masterpiece."
1-corinthians-15-21.png,"A cinematic 16:9 wide-angle 3D animated scene representing the bible verse: 'For since by man {came} death, by man {came} also the resurrection of the dead.'. Style: High-quality 3D animation (Pixar/Disney style), warm golden and brown color palette, volumetric lighting, divine atmosphere, peaceful and majestic. Wide shot, detailed background. No text, no words on image, 8k resolution, masterpiece."
deuteronomy-31-8.png,"A cinematic 16:9 wide-angle 3D animated scene representing the bible verse: 'And the LORD, he {it is} that doth go before thee; he will be with thee, he will not fail thee, neither forsake thee: fear not, neither be dismayed.'. Style: High-quality 3D animation (Pixar/Disney style), warm golden and brown color palette, volumetric lighting, divine atmosphere, peaceful and majestic. Wide shot, detailed background. No text, no words on image, 8k resolution, masterpiece."
2-corinthians-4-18.png,"A cinematic 16:9 wide-angle 3D animated scene representing the bible verse: 'While we look not at the things which are seen, but at the things which are not seen: for the things which are seen {are} temporal; but the things which are not seen {are} eternal.'. Style: High-quality 3D animation (Pixar/Disney style), warm golden and brown color palette, volumetric lighting, divine atmosphere, peaceful and majestic. Wide shot, detailed background. No text, no words on image, 8k resolution, masterpiece."
2-corinthians-5-18.png,"A cinematic 16:9 wide-angle 3D animated scene representing the bible verse: 'And all things {are} of God, who hath reconciled us to himself by Jesus Christ, and hath given to us the ministry of reconciliation;'. Style: High-quality 3D animation (Pixar/Disney style), warm golden and brown color palette, volumetric lighting, divine atmosphere, peaceful and majestic. Wide shot, detailed background. No text, no words on image, 8k resolution, masterpiece."
2-corinthians-5-17.png,"A cinematic 16:9 wide-angle 3D animated scene representing the bible verse: 'Therefore if any man {be} in Christ, {he is} a new creature: old things are passed away; behold, all things are become new. {he is: or, let him be}'. Style: High-quality 3D animation (Pixar/Disney style), warm golden and brown color palette, volumetric lighting, divine atmosphere, peaceful and majestic. Wide shot, detailed background. No text, no words on image, 8k resolution, masterpiece."
1-thessalonians-5-17.png,"A cinematic 16:9 wide-angle 3D animated scene representing the bible verse: 'Pray without ceasing.'. Style: High-quality 3D animation (Pixar/Disney style), warm golden and brown color palette, volumetric lighting, divine atmosphere, peaceful and majestic. Wide shot, detailed background. No text, no words on image, 8k resolution, masterpiece."
acts-2-33.png,"A cinematic 16:9 wide-angle 3D animated scene representing the bible verse: 'Therefore being by the right hand of God exalted, and having received of the Father the promise of the Holy Ghost, he hath shed forth this, which ye now see and hear.'. Style: High-quality 3D animation (Pixar/Disney style), warm golden and brown color palette, volumetric lighting, divine atmosphere, peaceful and majestic. Wide shot, detailed background. No text, no words on image, 8k resolution, masterpiece."
galatians-5-1.png,"A cinematic 16:9 wide-angle 3D animated scene representing the bible verse: 'Stand fast therefore in the liberty wherewith Christ hath made us free, and be not entangled again with the yoke of bondage.'. Style: High-quality 3D animation (Pixar/Disney style), warm golden and brown color palette, volumetric lighting, divine atmosphere, peaceful and majestic. Wide shot, detailed background. No text, no words on image, 8k resolution, masterpiece."
2-corinthians-5-7.png,"A cinematic 16:9 wide-angle 3D animated scene representing the bible verse: '(For we walk by faith, not by sight:)'. Style: High-quality 3D animation (Pixar/Disney style), warm golden and brown color palette, volumetric lighting, divine atmosphere, peaceful and majestic. Wide shot, detailed background. No text, no words on image, 8k resolution, masterpiece."
1-corinthians-10-24.png,"A cinematic 16:9 wide-angle 3D animated scene representing the bible verse: 'Let no man seek his own, but every man another's {wealth}.'. Style: High-quality 3D animation (Pixar/Disney style), warm golden and brown color palette, volumetric lighting, divine atmosphere, peaceful and majestic. Wide shot, detailed background. No text, no words on image, 8k resolution, masterpiece."
colossians-3-23-24.png,"A cinematic 16:9 wide-angle 3D animated scene representing the bible verse: 'And whatsoever ye do, do {it} heartily, as to the Lord, and not unto men; Knowing that of the Lord ye shall receive the reward of the inheritance: for ye serve the Lord Christ.'. Style: High-quality 3D animation (Pixar/Disney style), warm golden and brown color palette, volumetric lighting, divine atmosphere, peaceful and majestic. Wide shot, detailed background. No text, no words on image, 8k resolution, masterpiece."
philippians-4-19.png,"A cinematic 16:9 wide-angle 3D animated scene representing the bible verse: 'But my God shall supply all your need according to his riches in glory by Christ Jesus.'. Style: High-quality 3D animation (Pixar/Disney style), warm golden and brown color palette, volumetric lighting, divine atmosphere, peaceful and majestic. Wide shot, detailed background. No text, no words on image, 8k resolution, masterpiece."
hebrews-4-12.png,"A cinematic 16:9 wide-angle 3D animated scene representing the bible verse: 'For the word of God {is} quick, and powerful, and sharper than any twoedged sword, piercing even to the dividing asunder of soul and spirit, and of the joints and marrow, and {is} a discerner of the thoughts and intents of the heart.'. Style: High-quality 3D animation (Pixar/Disney style), warm golden and brown color palette, volumetric lighting, divine atmosphere, peaceful and majestic. Wide shot, detailed background. No text, no words on image, 8k resolution, masterpiece."
proverbs-22-6.png,"A cinematic 16:9 wide-angle 3D animated scene representing the bible verse: 'Train up a child in the way he should go: and when he is old, he will not depart from it. {Train...: or, Catechise} {in...: Heb. in his way}'. Style: High-quality 3D animation (Pixar/Disney style), warm golden and brown color palette, volumetric lighting, divine atmosphere, peaceful and majestic. Wide shot, detailed background. No text, no words on image, 8k resolution, masterpiece."
2-corinthians-5-1.png,"A cinematic 16:9 wide-angle 3D animated scene representing the bible verse: 'For we know that if our earthly house of {this} tabernacle were dissolved, we have a building of God, an house not made with hands, eternal in the heavens.'. Style: High-quality 3D animation (Pixar/Disney style), warm golden and brown color palette, volumetric lighting, divine atmosphere, peaceful and majestic. Wide shot, detailed background. No text, no words on image, 8k resolution, masterpiece."
1-corinthians-13-6-7.png,"A cinematic 16:9 wide-angle 3D animated scene representing the bible verse: 'Rejoiceth not in iniquity, but rejoiceth in the truth; {in the truth: or, with the truth} Beareth all things, believeth all things, hopeth all things, endureth all things.'. Style: High-quality 3D animation (Pixar/Disney style), warm golden and brown color palette, volumetric lighting, divine atmosphere, peaceful and majestic. Wide shot, detailed background. No text, no words on image, 8k resolution, masterpiece."
acts-20-20.png,"A cinematic 16:9 wide-angle 3D animated scene representing the bible verse: '{And} how I kept back nothing that was profitable {unto you}, but have shewed you, and have taught you publickly, and from house to house,'. Style: High-quality 3D animation (Pixar/Disney style), warm golden and brown color palette, volumetric lighting, divine atmosphere, peaceful and majestic. Wide shot, detailed background. No text, no words on image, 8k resolution, masterpiece."
lamentations-3-22-23.png,"A cinematic 16:9 wide-angle 3D animated scene representing the bible verse: '{It is of} the LORD'S mercies that we are not consumed, because his compassions fail not. {They are} new every morning: great {is} thy faithfulness.'. Style: High-quality 3D animation (Pixar/Disney style), warm golden and brown color palette, volumetric lighting, divine atmosphere, peaceful and majestic. Wide shot, detailed background. No text, no words on image, 8k resolution, masterpiece."
acts-26-22-23.png,"A cinematic 16:9 wide-angle 3D animated scene representing the bible verse: 'Having therefore obtained help of God, I continue unto this day, witnessing both to small and great, saying none other things than those which the prophets and Moses did say should come: That Christ should suffer, {and} that he should be the first that should rise from the dead, and should shew light unto the people, and to the Gentiles.'. Style: High-quality 3D animation (Pixar/Disney style), warm golden and brown color palette, volumetric lighting, divine atmosphere, peaceful and majestic. Wide shot, detailed background. No text, no words on image, 8k resolution, masterpiece."
hebrews-13-8.png,"A cinematic 16:9 wide-angle 3D animated scene representing the bible verse: 'Jesus Christ the same yesterday, and to day, and for ever.'. Style: High-quality 3D animation (Pixar/Disney style), warm golden and brown color palette, volumetric lighting, divine atmosphere, peaceful and majestic. Wide shot, detailed background. No text, no words on image, 8k resolution, masterpiece."
2-corinthians-3-18.png,"A cinematic 16:9 wide-angle 3D animated scene representing the bible verse: 'But we all, with open face beholding as in a glass the glory of the Lord, are changed into the same image from glory to glory, {even} as by the Spirit of the Lord. {by the...: or, of the Lord the Spirit}'. Style: High-quality 3D animation (Pixar/Disney style), warm golden and brown color palette, volumetric lighting, divine atmosphere, peaceful and majestic. Wide shot, detailed background. No text, no words on image, 8k resolution, masterpiece."
2-corinthians-5-21.png,"A cinematic 16:9 wide-angle 3D animated scene representing the bible verse: 'For he hath made him {to be} sin for us, who knew no sin; that we might be made the righteousness of God in him.'. Style: High-quality 3D animation (Pixar/Disney style), warm golden and brown color palette, volumetric lighting, divine atmosphere, peaceful and majestic. Wide shot, detailed background. No text, no words on image, 8k resolution, masterpiece."
1-corinthians-15-56.png,"A cinematic 16:9 wide-angle 3D animated scene representing the bible verse: 'The sting of death {is} sin; and the strength of sin {is} the law.'. Style: High-quality 3D animation (Pixar/Disney style), warm golden and brown color palette, volumetric lighting, divine atmosphere, peaceful and majestic. Wide shot, detailed background. No text, no words on image, 8k resolution, masterpiece."
1-corinthians-6-12.png,"A cinematic 16:9 wide-angle 3D animated scene representing the bible verse: 'All things are lawful unto me, but all things are not expedient: all things are lawful for me, but I will not be brought under the power of any. {expedient: or, profitable}'. Style: High-quality 3D animation (Pixar/Disney style), warm golden and brown color palette, volumetric lighting, divine atmosphere, peaceful and majestic. Wide shot, detailed background. No text, no words on image, 8k resolution, masterpiece."
1-corinthians-13-4-5.png,"A cinematic 16:9 wide-angle 3D animated scene representing the bible verse: 'Charity suffereth long, {and} is kind; charity envieth not; charity vaunteth not itself, is not puffed up, {vaunteth...: or, is not rash} Doth not behave itself unseemly, seeketh not her own, is not easily provoked, thinketh no evil;'. Style: High-quality 3D animation (Pixar/Disney style), warm golden and brown color palette, volumetric lighting, divine atmosphere, peaceful and majestic. Wide shot, detailed background. No text, no words on image, 8k resolution, masterpiece."
hebrews-11-1.png,"A cinematic 16:9 wide-angle 3D animated scene representing the bible verse: 'Now faith is the substance of things hoped for, the evidence of things not seen. {substance: or, ground, or, confidence}'. Style: High-quality 3D animation (Pixar/Disney style), warm golden and brown color palette, volumetric lighting, divine atmosphere, peaceful and majestic. Wide shot, detailed background. No text, no words on image, 8k resolution, masterpiece."
acts-1-9.png,"A cinematic 16:9 wide-angle 3D animated scene representing the bible verse: 'And when he had spoken these things, while they beheld, he was taken up; and a cloud received him out of their sight.'. Style: High-quality 3D animation (Pixar/Disney style), warm golden and brown color palette, volumetric lighting, divine atmosphere, peaceful and majestic. Wide shot, detailed background. No text, no words on image, 8k resolution, masterpiece."
1-corinthians-10-23.png,"A cinematic 16:9 wide-angle 3D animated scene representing the bible verse: 'All things are lawful for me, but all things are not expedient: all things are lawful for me, but all things edify not. {expedient: or, profitable}'. Style: High-quality 3D animation (Pixar/Disney style), warm golden and brown color palette, volumetric lighting, divine atmosphere, peaceful and majestic. Wide shot, detailed background. No text, no words on image, 8k resolution, masterpiece."
psalms-118-24.png,"A cinematic 16:9 wide-angle 3D animated scene representing the bible verse: 'This {is} the day {which} the LORD hath made; we will rejoice and be glad in it.'. Style: High-quality 3D animation (Pixar/Disney style), warm golden and brown color palette, volumetric lighting, divine atmosphere, peaceful and majestic. Wide shot, detailed background. No text, no words on image, 8k resolution, masterpiece."
acts-2-38.png,"A cinematic 16:9 wide-angle 3D animated scene representing the bible verse: 'Then Peter said unto them, Repent, and be baptized every one of you in the name of Jesus Christ for the remission of sins, and ye shall receive the gift of the Holy Ghost.'. Style: High-quality 3D animation (Pixar/Disney style), warm golden and brown color palette, volumetric lighting, divine atmosphere, peaceful and majestic. Wide shot, detailed background. No text, no words on image, 8k resolution, masterpiece."
acts-2-46-47.png,"A cinematic 16:9 wide-angle 3D animated scene representing the bible verse: 'And they, continuing daily with one accord in the temple, and breaking bread from house to house, did eat their meat with gladness and singleness of heart, {from...: or, at home} Praising God, and having favour with all the people. And the Lord added to the church daily such as should be saved.'. Style: High-quality 3D animation (Pixar/Disney style), warm golden and brown color palette, volumetric lighting, divine atmosphere, peaceful and majestic. Wide shot, detailed background. No text, no words on image, 8k resolution, masterpiece."
deuteronomy-30-16.png,"A cinematic 16:9 wide-angle 3D animated scene representing the bible verse: 'In that I command thee this day to love the LORD thy God, to walk in his ways, and to keep his commandments and his statutes and his judgments, that thou mayest live and multiply: and the LORD thy God shall bless thee in the land whither thou goest to possess it.'. Style: High-quality 3D animation (Pixar/Disney style), warm golden and brown color palette, volumetric lighting, divine atmosphere, peaceful and majestic. Wide shot, detailed background. No text, no words on image, 8k resolution, masterpiece."
colossians-3-5.png,"A cinematic 16:9 wide-angle 3D animated scene representing the bible verse: 'Mortify therefore your members which are upon the earth; fornication, uncleanness, inordinate affection, evil concupiscence, and covetousness, which is idolatry:'. Style: High-quality 3D animation (Pixar/Disney style), warm golden and brown color palette, volumetric lighting, divine atmosphere, peaceful and majestic. Wide shot, detailed background. No text, no words on image, 8k resolution, masterpiece."
1-corinthians-15-3-4.png,"A cinematic 16:9 wide-angle 3D animated scene representing the bible verse: 'For I delivered unto you first of all that which I also received, how that Christ died for our sins according to the scriptures; And that he was buried, and that he rose again the third day according to the scriptures:'. Style: High-quality 3D animation (Pixar/Disney style), warm golden and brown color palette, volumetric lighting, divine atmosphere, peaceful and majestic. Wide shot, detailed background. No text, no words on image, 8k resolution, masterpiece."
2-corinthians-9-10.png,"A cinematic 16:9 wide-angle 3D animated scene representing the bible verse: 'Now he that ministereth seed to the sower both minister bread for {your} food, and multiply your seed sown, and increase the fruits of your righteousness;)'. Style: High-quality 3D animation (Pixar/Disney style), warm golden and brown color palette, volumetric lighting, divine atmosphere, peaceful and majestic. Wide shot, detailed background. No text, no words on image, 8k resolution, masterpiece."
deuteronomy-5-11.png,"A cinematic 16:9 wide-angle 3D animated scene representing the bible verse: 'Thou shalt not take the name of the LORD thy God in vain: for the LORD will not hold {him} guiltless that taketh his name in vain.'. Style: High-quality 3D animation (Pixar/Disney style), warm golden and brown color palette, volumetric lighting, divine atmosphere, peaceful and majestic. Wide shot, detailed background. No text, no words on image, 8k resolution, masterpiece."
colossians-2-9-10.png,"A cinematic 16:9 wide-angle 3D animated scene representing the bible verse: 'For in him dwelleth all the fulness of the Godhead bodily. And ye are complete in him, which is the head of all principality and power:'. Style: High-quality 3D animation (Pixar/Disney style), warm golden and brown color palette, volumetric lighting, divine atmosphere, peaceful and majestic. Wide shot, detailed background. No text, no words on image, 8k resolution, masterpiece."
1-corinthians-15-22.png,"A cinematic 16:9 wide-angle 3D animated scene representing the bible verse: 'For as in Adam all die, even so in Christ shall all be made alive.'. Style: High-quality 3D animation (Pixar/Disney style), warm golden and brown color palette, volumetric lighting, divine atmosphere, peaceful and majestic. Wide shot, detailed background. No text, no words on image, 8k resolution, masterpiece."
romans-8-1.png,"A cinematic 16:9 wide-angle 3D animated scene representing the bible verse: '{There is} therefore now no condemnation to them which are in Christ Jesus, who walk not after the flesh, but after the Spirit.'. Style: High-quality 3D animation (Pixar/Disney style), warm golden and brown color palette, volumetric lighting, divine atmosphere, peaceful and majestic. Wide shot, detailed background. No text, no words on image, 8k resolution, masterpiece."
psalms-34-8.png,"A cinematic 16:9 wide-angle 3D animated scene representing the bible verse: 'O taste and see that the LORD {is} good: blessed {is} the man {that} trusteth in him.'. Style: High-quality 3D animation (Pixar/Disney style), warm golden and brown color palette, volumetric lighting, divine atmosphere, peaceful and majestic. Wide shot, detailed background. No text, no words on image, 8k resolution, masterpiece."
colossians-3-13.png,"A cinematic 16:9 wide-angle 3D animated scene representing the bible verse: 'Forbearing one another, and forgiving one another, if any man have a quarrel against any: even as Christ forgave you, so also {do} ye. {quarrel: or, complaint}'. Style: High-quality 3D animation (Pixar/Disney style), warm golden and brown color palette, volumetric lighting, divine atmosphere, peaceful and majestic. Wide shot, detailed background. No text, no words on image, 8k resolution, masterpiece."
colossians-3-15.png,"A cinematic 16:9 wide-angle 3D animated scene representing the bible verse: 'And let the peace of God rule in your hearts, to the which also ye are called in one body; and be ye thankful.'. Style: High-quality 3D animation (Pixar/Disney style), warm golden and brown color palette, volumetric lighting, divine atmosphere, peaceful and majestic. Wide shot, detailed background. No text, no words on image, 8k resolution, masterpiece."
1-corinthians-3-17.png,"A cinematic 16:9 wide-angle 3D animated scene representing the bible verse: 'If any man defile the temple of God, him shall God destroy; for the temple of God is holy, which {temple} ye are. {defile: or, destroy}'. Style: High-quality 3D animation (Pixar/Disney style), warm golden and brown color palette, volumetric lighting, divine atmosphere, peaceful and majestic. Wide shot, detailed background. No text, no words on image, 8k resolution, masterpiece."
2-corinthians-13-14.png,"A cinematic 16:9 wide-angle 3D animated scene representing the bible verse: 'The grace of the Lord Jesus Christ, and the love of God, and the communion of the Holy Ghost, {be} with you all. Amen. «{The second epistle} to the Corinthians was written from Philippi, {a city} of Macedonia, by Titus and Lucas.»'. Style: High-quality 3D animation (Pixar/Disney style), warm golden and brown color palette, volumetric lighting, divine atmosphere, peaceful and majestic. Wide shot, detailed background. No text, no words on image, 8k resolution, masterpiece."
1-corinthians-2-2.png,"A cinematic 16:9 wide-angle 3D animated scene representing the bible verse: 'For I determined not to know any thing among you, save Jesus Christ, and him crucified.'. Style: High-quality 3D animation (Pixar/Disney style), warm golden and brown color palette, volumetric lighting, divine atmosphere, peaceful and majestic. Wide shot, detailed background. No text, no words on image, 8k resolution, masterpiece."
colossians-1-13-14.png,"A cinematic 16:9 wide-angle 3D animated scene representing the bible verse: 'Who hath delivered us from the power of darkness, and hath translated {us} into the kingdom of his dear Son: {his...: Gr. the Son of his love} In whom we have redemption through his blood, {even} the forgiveness of sins:'. Style: High-quality 3D animation (Pixar/Disney style), warm golden and brown color palette, volumetric lighting, divine atmosphere, peaceful and majestic. Wide shot, detailed background. No text, no words on image, 8k resolution, masterpiece."
john-14-6.png,"A cinematic 16:9 wide-angle 3D animated scene representing the bible verse: 'Jesus saith unto him, I am the way, the truth, and the life: no man cometh unto the Father, but by me.'. Style: High-quality 3D animation (Pixar/Disney style), warm golden and brown color palette, volumetric lighting, divine atmosphere, peaceful and majestic. Wide shot, detailed background. No text, no words on image, 8k resolution, masterpiece."
colossians-4-5-6.png,"A cinematic 16:9 wide-angle 3D animated scene representing the bible verse: 'Walk in wisdom toward them that are without, redeeming the time. Let your speech {be} alway with grace, seasoned with salt, that ye may know how ye ought to answer every man.'. Style: High-quality 3D animation (Pixar/Disney style), warm golden and brown color palette, volumetric lighting, divine atmosphere, peaceful and majestic. Wide shot, detailed background. No text, no words on image, 8k resolution, masterpiece."
deuteronomy-32-2.png,"A cinematic 16:9 wide-angle 3D animated scene representing the bible verse: 'My doctrine shall drop as the rain, my speech shall distil as the dew, as the small rain upon the tender herb, and as the showers upon the grass:'. Style: High-quality 3D animation (Pixar/Disney style), warm golden and brown color palette, volumetric lighting, divine atmosphere, peaceful and majestic. Wide shot, detailed background. No text, no words on image, 8k resolution, masterpiece."
1-corinthians-3-18.png,"A cinematic 16:9 wide-angle 3D animated scene representing the bible verse: 'Let no man deceive himself. If any man among you seemeth to be wise in this world, let him become a fool, that he may be wise.'. Style: High-quality 3D animation (Pixar/Disney style), warm golden and brown color palette, volumetric lighting, divine atmosphere, peaceful and majestic. Wide shot, detailed background. No text, no words on image, 8k resolution, masterpiece."
acts-12-5.png,"A cinematic 16:9 wide-angle 3D animated scene representing the bible verse: 'Peter therefore was kept in prison: but prayer was made without ceasing of the church unto God for him. {prayer...: or, instant and earnest prayer was made}'. Style: High-quality 3D animation (Pixar/Disney style), warm golden and brown color palette, volumetric lighting, divine atmosphere, peaceful and majestic. Wide shot, detailed background. No text, no words on image, 8k resolution, masterpiece."
deuteronomy-8-6.png,"A cinematic 16:9 wide-angle 3D animated scene representing the bible verse: 'Therefore thou shalt keep the commandments of the LORD thy God, to walk in his ways, and to fear him.'. Style: High-quality 3D animation (Pixar/Disney style), warm golden and brown color palette, volumetric lighting, divine atmosphere, peaceful and majestic. Wide shot, detailed background. No text, no words on image, 8k resolution, masterpiece."
acts-2-3-4.png,"A cinematic 16:9 wide-angle 3D animated scene representing the bible verse: 'And there appeared unto them cloven tongues like as of fire, and it sat upon each of them. And they were all filled with the Holy Ghost, and began to speak with other tongues, as the Spirit gave them utterance.'. Style: High-quality 3D animation (Pixar/Disney style), warm golden and brown color palette, volumetric lighting, divine atmosphere, peaceful and majestic. Wide shot, detailed background. No text, no words on image, 8k resolution, masterpiece."
genesis-1-1.png,"A cinematic 16:9 wide-angle 3D animated scene representing the bible verse: 'In the beginning God created the heaven and the earth.'. Style: High-quality 3D animation (Pixar/Disney style), warm golden and brown color palette, volumetric lighting, divine atmosphere, peaceful and majestic. Wide shot, detailed background. No text, no words on image, 8k resolution, masterpiece."
acts-13-2.png,"A cinematic 16:9 wide-angle 3D animated scene representing the bible verse: 'As they ministered to the Lord, and fasted, the Holy Ghost said, Separate me Barnabas and Saul for the work whereunto I have called them.'. Style: High-quality 3D animation (Pixar/Disney style), warm golden and brown color palette, volumetric lighting, divine atmosphere, peaceful and majestic. Wide shot, detailed background. No text, no words on image, 8k resolution, masterpiece."
john-1-1.png,"A cinematic 16:9 wide-angle 3D animated scene representing the bible verse: 'In the beginning was the Word, and the Word was with God, and the Word was God.'. Style: High-quality 3D animation (Pixar/Disney style), warm golden and brown color palette, volumetric lighting, divine atmosphere, peaceful and majestic. Wide shot, detailed background. No text, no words on image, 8k resolution, masterpiece."
1-corinthians-7-5.png,"A cinematic 16:9 wide-angle 3D animated scene representing the bible verse: 'Defraud ye not one the other, except {it be} with consent for a time, that ye may give yourselves to fasting and prayer; and come together again, that Satan tempt you not for your incontinency.'. Style: High-quality 3D animation (Pixar/Disney style), warm golden and brown color palette, volumetric lighting, divine atmosphere, peaceful and majestic. Wide shot, detailed background. No text, no words on image, 8k resolution, masterpiece."
1-corinthians-12-12.png,"A cinematic 16:9 wide-angle 3D animated scene representing the bible verse: 'For as the body is one, and hath many members, and all the members of that one body, being many, are one body: so also {is} Christ.'. Style: High-quality 3D animation (Pixar/Disney style), warm golden and brown color palette, volumetric lighting, divine atmosphere, peaceful and majestic. Wide shot, detailed background. No text, no words on image, 8k resolution, masterpiece."
colossians-2-2.png,"A cinematic 16:9 wide-angle 3D animated scene representing the bible verse: 'That their hearts might be comforted, being knit together in love, and unto all riches of the full assurance of understanding, to the acknowledgement of the mystery of God, and of the Father, and of Christ;'. Style: High-quality 3D animation (Pixar/Disney style), warm golden and brown color palette, volumetric lighting, divine atmosphere, peaceful and majestic. Wide shot, detailed background. No text, no words on image, 8k resolution, masterpiece."
2-corinthians-9-7.png,"A cinematic 16:9 wide-angle 3D animated scene representing the bible verse: 'Every man according as he purposeth in his heart, {so let him give}; not grudgingly, or of necessity: for God loveth a cheerful giver.'. Style: High-quality 3D animation (Pixar/Disney style), warm golden and brown color palette, volumetric lighting, divine atmosphere, peaceful and majestic. Wide shot, detailed background. No text, no words on image, 8k resolution, masterpiece."
1-corinthians-2-10.png,"A cinematic 16:9 wide-angle 3D animated scene representing the bible verse: 'But God hath revealed {them} unto us by his Spirit: for the Spirit searcheth all things, yea, the deep things of God.'. Style: High-quality 3D animation (Pixar/Disney style), warm golden and brown color palette, volumetric lighting, divine atmosphere, peaceful and majestic. Wide shot, detailed background. No text, no words on image, 8k resolution, masterpiece."
2-corinthians-10-3.png,"A cinematic 16:9 wide-angle 3D animated scene representing the bible verse: 'For though we walk in the flesh, we do not war after the flesh:'. Style: High-quality 3D animation (Pixar/Disney style), warm golden and brown color palette, volumetric lighting, divine atmosphere, peaceful and majestic. Wide shot, detailed background. No text, no words on image, 8k resolution, masterpiece."
1-corinthians-10-3.png,"A cinematic 16:9 wide-angle 3D animated scene representing the bible verse: 'And did all eat the same spiritual meat;'. Style: High-quality 3D animation (Pixar/Disney style), warm golden and brown color palette, volumetric lighting, divine atmosphere, peaceful and majestic. Wide shot, detailed background. No text, no words on image, 8k resolution, masterpiece."
1-corinthians-13-1.png,"A cinematic 16:9 wide-angle 3D animated scene representing the bible verse: 'Though I speak with the tongues of men and of angels, and have not charity, I am become {as} sounding brass, or a tinkling cymbal.'. Style: High-quality 3D animation (Pixar/Disney style), warm golden and brown color palette, volumetric lighting, divine atmosphere, peaceful and majestic. Wide shot, detailed background. No text, no words on image, 8k resolution, masterpiece."
acts-11-15.png,"A cinematic 16:9 wide-angle 3D animated scene representing the bible verse: 'And as I began to speak, the Holy Ghost fell on them, as on us at the beginning.'. Style: High-quality 3D animation (Pixar/Disney style), warm golden and brown color palette, volumetric lighting, divine atmosphere, peaceful and majestic. Wide shot, detailed background. No text, no words on image, 8k resolution, masterpiece."
james-1-22.png,"A cinematic 16:9 wide-angle 3D animated scene representing the bible verse: 'But be ye doers of the word, and not hearers only, deceiving your own selves.'. Style: High-quality 3D animation (Pixar/Disney style), warm golden and brown color palette, volumetric lighting, divine atmosphere, peaceful and majestic. Wide shot, detailed background. No text, no words on image, 8k resolution, masterpiece."
psalms-33-12.png,"A cinematic 16:9 wide-angle 3D animated scene representing the bible verse: 'Blessed {is} the nation whose God {is} the LORD; {and} the people {whom} he hath chosen for his own inheritance.'. Style: High-quality 3D animation (Pixar/Disney style), warm golden and brown color palette, volumetric lighting, divine atmosphere, peaceful and majestic. Wide shot, detailed background. No text, no words on image, 8k resolution, masterpiece."
psalms-107-1.png,"A cinematic 16:9 wide-angle 3D animated scene representing the bible verse: 'O give thanks unto the LORD, for {he is} good: for his mercy {endureth} for ever.'. Style: High-quality 3D animation (Pixar/Disney style), warm golden and brown color palette, volumetric lighting, divine atmosphere, peaceful and majestic. Wide shot, detailed background. No text, no words on image, 8k resolution, masterpiece."
luke-2-10-11.png,"A cinematic 16:9 wide-angle 3D animated scene representing the bible verse: 'And the angel said unto them, Fear not: for, behold, I bring you good tidings of great joy, which shall be to all people. For unto you is born this day in the city of David a Saviour, which is Christ the Lord.'. Style: High-quality 3D animation (Pixar/Disney style), warm golden and brown color palette, volumetric lighting, divine atmosphere, peaceful and majestic. Wide shot, detailed background. No text, no words on image, 8k resolution, masterpiece."
psalms-90-12.png,"A cinematic 16:9 wide-angle 3D animated scene representing the bible verse: 'So teach {us} to number our days, that we may apply {our} hearts unto wisdom. {apply: Heb. cause to come}'. Style: High-quality 3D animation (Pixar/Disney style), warm golden and brown color palette, volumetric lighting, divine atmosphere, peaceful and majestic. Wide shot, detailed background. No text, no words on image, 8k resolution, masterpiece."
psalms-23-1.png,"A cinematic 16:9 wide-angle 3D animated scene representing the bible verse: '[A Psalm of David.] The LORD {is} my shepherd; I shall not want.'. Style: High-quality 3D animation (Pixar/Disney style), warm golden and brown color palette, volumetric lighting, divine atmosphere, peaceful and majestic. Wide shot, detailed background. No text, no words on image, 8k resolution, masterpiece."
jeremiah-29-11.png,"A cinematic 16:9 wide-angle 3D animated scene representing the bible verse: 'For I know the thoughts that I think toward you, saith the LORD, thoughts of peace, and not of evil, to give you an expected end. {expected...: Heb. end and expectation}'. Style: High-quality 3D animation (Pixar/Disney style), warm golden and brown color palette, volumetric lighting, divine atmosphere, peaceful and majestic. Wide shot, detailed background. No text, no words on image, 8k resolution, masterpiece."
john-3-16.png,"A cinematic 16:9 wide-angle 3D animated scene representing the bible verse: 'For God so loved the world, that he gave his only begotten Son, that whosoever believeth in him should not perish, but have everlasting life.'. Style: High-quality 3D animation (Pixar/Disney style), warm golden and brown color palette, volumetric lighting, divine atmosphere, peaceful and majestic. Wide shot, detailed background. No text, no words on image, 8k resolution, masterpiece."
romans-8-28.png,"A cinematic 16:9 wide-angle 3D animated scene representing the bible verse: 'And we know that all things work together for good to them that love God, to them who are the called according to {his} purpose.'. Style: High-quality 3D animation (Pixar/Disney style), warm golden and brown color palette, volumetric lighting, divine atmosphere, peaceful and majestic. Wide shot, detailed background. No text, no words on image, 8k resolution, masterpiece."
joshua-1-9.png,"A cinematic 16:9 wide-angle 3D animated scene representing the bible verse: 'Have not I commanded thee? Be strong and of a good courage; be not afraid, neither be thou dismayed: for the LORD thy God {is} with thee whithersoever thou goest.'. Style: High-quality 3D animation (Pixar/Disney style), warm golden and brown color palette, volumetric lighting, divine atmosphere, peaceful and majestic. Wide shot, detailed background. No text, no words on image, 8k resolution, masterpiece."
philippians-4-6-7.png,"A cinematic 16:9 wide-angle 3D animated scene representing the bible verse: 'Be careful for nothing; but in every thing by prayer and supplication with thanksgiving let your requests be made known unto God. And the peace of God, which passeth all understanding, shall keep your hearts and minds through Christ Jesus.'. Style: High-quality 3D animation (Pixar/Disney style), warm golden and brown color palette, volumetric lighting, divine atmosphere, peaceful and majestic. Wide shot, detailed background. No text, no words on image, 8k resolution, masterpiece."
colossians-3-23.png,"A cinematic 16:9 wide-angle 3D animated scene representing the bible verse: 'And whatsoever ye do, do {it} heartily, as to the Lord, and not unto men;'. Style: High-quality 3D animation (Pixar/Disney style), warm golden and brown color palette, volumetric lighting, divine atmosphere, peaceful and majestic. Wide shot, detailed background. No text, no words on image, 8k resolution, masterpiece."
matthew-28-19-20.png,"A cinematic 16:9 wide-angle 3D animated scene representing the bible verse: 'Go ye therefore, and teach all nations, baptizing them in the name of the Father, and of the Son, and of the Holy Ghost: {teach...: or, make disciples, or, Christians of all nations} Teaching them to observe all things whatsoever I have commanded you: and, lo, I am with you alway, {even} unto the end of the world. Amen.'. Style: High-quality 3D animation (Pixar/Disney style), warm golden and brown color palette, volumetric lighting, divine atmosphere, peaceful and majestic. Wide shot, detailed background. No text, no words on image, 8k resolution, masterpiece."
luke-2-11.png,"A cinematic 16:9 wide-angle 3D animated scene representing the bible verse: 'For unto you is born this day in the city of David a Saviour, which is Christ the Lord.'. Style: High-quality 3D animation (Pixar/Disney style), warm golden and brown color palette, volumetric lighting, divine atmosphere, peaceful and majestic. Wide shot, detailed background. No text, no words on image, 8k resolution, masterpiece."
micah-6-8.png,"A cinematic 16:9 wide-angle 3D animated scene representing the bible verse: 'He hath shewed thee, O man, what {is} good; and what doth the LORD require of thee, but to do justly, and to love mercy, and to walk humbly with thy God? {walk...: Heb. humble thyself to walk}'. Style: High-quality 3D animation (Pixar/Disney style), warm golden and brown color palette, volumetric lighting, divine atmosphere, peaceful and majestic. Wide shot, detailed background. No text, no words on image, 8k resolution, masterpiece."
zephaniah-3-17.png,"A cinematic 16:9 wide-angle 3D animated scene representing the bible verse: 'The LORD thy God in the midst of thee {is} mighty; he will save, he will rejoice over thee with joy; he will rest in his love, he will joy over thee with singing. {rest: Heb. be silent}'. Style: High-quality 3D animation (Pixar/Disney style), warm golden and brown color palette, volumetric lighting, divine atmosphere, peaceful and majestic. Wide shot, detailed background. No text, no words on image, 8k resolution, masterpiece."
1-thessalonians-5-16-18.png,"A cinematic 16:9 wide-angle 3D animated scene representing the bible verse: 'Rejoice evermore. Pray without ceasing. In every thing give thanks: for this is the will of God in Christ Jesus concerning you.'. Style: High-quality 3D animation (Pixar/Disney style), warm golden and brown color palette, volumetric lighting, divine atmosphere, peaceful and majestic. Wide shot, detailed background. No text, no words on image, 8k resolution, masterpiece."
james-1-2-3.png,"A cinematic 16:9 wide-angle 3D animated scene representing the bible verse: 'My brethren, count it all joy when ye fall into divers temptations; {temptations: or, trials} Knowing {this}, that the trying of your faith worketh patience.'. Style: High-quality 3D animation (Pixar/Disney style), warm golden and brown color palette, volumetric lighting, divine atmosphere, peaceful and majestic. Wide shot, detailed background. No text, no words on image, 8k resolution, masterpiece."
proverbs-17-17.png,"A cinematic 16:9 wide-angle 3D animated scene representing the bible verse: 'A friend loveth at all times, and a brother is born for adversity.'. Style: High-quality 3D animation (Pixar/Disney style), warm golden and brown color palette, volumetric lighting, divine atmosphere, peaceful and majestic. Wide shot, detailed background. No text, no words on image, 8k resolution, masterpiece."
romans-8-31.png,"A cinematic 16:9 wide-angle 3D animated scene representing the bible verse: 'What shall we then say to these things? If God {be} for us, who {can be} against us?'. Style: High-quality 3D animation (Pixar/Disney style), warm golden and brown color palette, volumetric lighting, divine atmosphere, peaceful and majestic. Wide shot, detailed background. No text, no words on image, 8k resolution, masterpiece."
psalms-37-4.png,"A cinematic 16:9 wide-angle 3D animated scene representing the bible verse: 'Delight thyself also in the LORD; and he shall give thee the desires of thine heart.'. Style: High-quality 3D animation (Pixar/Disney style), warm golden and brown color palette, volumetric lighting, divine atmosphere, peaceful and majestic. Wide shot, detailed background. No text, no words on image, 8k resolution, masterpiece."
ephesians-6-11.png,"A cinematic 16:9 wide-angle 3D animated scene representing the bible verse: 'Put on the whole armour of God, that ye may be able to stand against the wiles of the devil.'. Style: High-quality 3D animation (Pixar/Disney style), warm golden and brown color palette, volumetric lighting, divine atmosphere, peaceful and majestic. Wide shot, detailed background. No text, no words on image, 8k resolution, masterpiece."
psalms-100-5.png,"A cinematic 16:9 wide-angle 3D animated scene representing the bible verse: 'For the LORD {is} good; his mercy {is} everlasting; and his truth {endureth} to all generations. {to all...: Heb. to generation and generation}'. Style: High-quality 3D animation (Pixar/Disney style), warm golden and brown color palette, volumetric lighting, divine atmosphere, peaceful and majestic. Wide shot, detailed background. No text, no words on image, 8k resolution, masterpiece."
1-peter-2-9.png,"A cinematic 16:9 wide-angle 3D animated scene representing the bible verse: 'But ye {are} a chosen generation, a royal priesthood, an holy nation, a peculiar people; that ye should shew forth the praises of him who hath called you out of darkness into his marvellous light: {peculiar: or, purchased} {praises: or, virtues}'. Style: High-quality 3D animation (Pixar/Disney style), warm golden and brown color palette, volumetric lighting, divine atmosphere, peaceful and majestic. Wide shot, detailed background. No text, no words on image, 8k resolution, masterpiece."
john-16-33.png,"A cinematic 16:9 wide-angle 3D animated scene representing the bible verse: 'These things I have spoken unto you, that in me ye might have peace. In the world ye shall have tribulation: but be of good cheer; I have overcome the world.'. Style: High-quality 3D animation (Pixar/Disney style), warm golden and brown color palette, volumetric lighting, divine atmosphere, peaceful and majestic. Wide shot, detailed background. No text, no words on image, 8k resolution, masterpiece."
psalms-139-14.png,"A cinematic 16:9 wide-angle 3D animated scene representing the bible verse: 'I will praise thee; for I am fearfully {and} wonderfully made: marvellous {are} thy works; and {that} my soul knoweth right well. {right...: Heb. greatly}'. Style: High-quality 3D animation (Pixar/Disney style), warm golden and brown color palette, volumetric lighting, divine atmosphere, peaceful and majestic. Wide shot, detailed background. No text, no words on image, 8k resolution, masterpiece."
1-john-3-1.png,"A cinematic 16:9 wide-angle 3D animated scene representing the bible verse: 'Behold, what manner of love the Father hath bestowed upon us, that we should be called the sons of God: therefore the world knoweth us not, because it knew him not.'. Style: High-quality 3D animation (Pixar/Disney style), warm golden and brown color palette, volumetric lighting, divine atmosphere, peaceful and majestic. Wide shot, detailed background. No text, no words on image, 8k resolution, masterpiece."
romans-8-38-39.png,"A cinematic 16:9 wide-angle 3D animated scene representing the bible verse: 'For I am persuaded, that neither death, nor life, nor angels, nor principalities, nor powers, nor things present, nor things to come, Nor height, nor depth, nor any other creature, shall be able to separate us from the love of God, which is in Christ Jesus our Lord.'. Style: High-quality 3D animation (Pixar/Disney style), warm golden and brown color palette, volumetric lighting, divine atmosphere, peaceful and majestic. Wide shot, detailed background. No text, no words on image, 8k resolution, masterpiece."
psalms-51-10.png,"A cinematic 16:9 wide-angle 3D animated scene representing the bible verse: 'Create in me a clean heart, O God; and renew a right spirit within me. {right: or, constant}'. Style: High-quality 3D animation (Pixar/Disney style), warm golden and brown color palette, volumetric lighting, divine atmosphere, peaceful and majestic. Wide shot, detailed background. No text, no words on image, 8k resolution, masterpiece."
matthew-22-37-39.png,"A cinematic 16:9 wide-angle 3D animated scene representing the bible verse: 'This is the first and great commandment. And the second {is} like unto it, Thou shalt love thy neighbour as thyself. On these two commandments hang all the law and the prophets.'. Style: High-quality 3D animation (Pixar/Disney style), warm golden and brown color palette, volumetric lighting, divine atmosphere, peaceful and majestic. Wide shot, detailed background. No text, no words on image, 8k resolution, masterpiece."
john-8-12.png,"A cinematic 16:9 wide-angle 3D animated scene representing the bible verse: 'Then spake Jesus again unto them, saying, I am the light of the world: he that followeth me shall not walk in darkness, but shall have the light of life.'. Style: High-quality 3D animation (Pixar/Disney style), warm golden and brown color palette, volumetric lighting, divine atmosphere, peaceful and majestic. Wide shot, detailed background. No text, no words on image, 8k resolution, masterpiece."
psalms-103-12.png,"A cinematic 16:9 wide-angle 3D animated scene representing the bible verse: 'As far as the east is from the west, {so} far hath he removed our transgressions from us.'. Style: High-quality 3D animation (Pixar/Disney style), warm golden and brown color palette, volumetric lighting, divine atmosphere, peaceful and majestic. Wide shot, detailed background. No text, no words on image, 8k resolution, masterpiece."
hebrews-12-2.png,"A cinematic 16:9 wide-angle 3D animated scene representing the bible verse: 'Looking unto Jesus the author and finisher of {our} faith; who for the joy that was set before him endured the cross, despising the shame, and is set down at the right hand of the throne of God. {author: or, beginner}'. Style: High-quality 3D animation (Pixar/Disney style), warm golden and brown color palette, volumetric lighting, divine atmosphere, peaceful and majestic. Wide shot, detailed background. No text, no words on image, 8k resolution, masterpiece."
psalms-1-1-2.png,"A cinematic 16:9 wide-angle 3D animated scene representing the bible verse: 'Blessed {is} the man that walketh not in the counsel of the ungodly, nor standeth in the way of sinners, nor sitteth in the seat of the scornful. {ungodly: or, wicked} But his delight {is} in the law of the LORD; and in his law doth he meditate day and night.'. Style: High-quality 3D animation (Pixar/Disney style), warm golden and brown color palette, volumetric lighting, divine atmosphere, peaceful and majestic. Wide shot, detailed background. No text, no words on image, 8k resolution, masterpiece."
1-timothy-6-12.png,"A cinematic 16:9 wide-angle 3D animated scene representing the bible verse: 'Fight the good fight of faith, lay hold on eternal life, whereunto thou art also called, and hast professed a good profession before many witnesses.'. Style: High-quality 3D animation (Pixar/Disney style), warm golden and brown color palette, volumetric lighting, divine atmosphere, peaceful and majestic. Wide shot, detailed background. No text, no words on image, 8k resolution, masterpiece."
psalms-91-1-2.png,"A cinematic 16:9 wide-angle 3D animated scene representing the bible verse: 'He that dwelleth in the secret place of the most High shall abide under the shadow of the Almighty. {abide: Heb. lodge} I will say of the LORD, {He is} my refuge and my fortress: my God; in him will I trust.'. Style: High-quality 3D animation (Pixar/Disney style), warm golden and brown color palette, volumetric lighting, divine atmosphere, peaceful and majestic. Wide shot, detailed background. No text, no words on image, 8k resolution, masterpiece."
james-4-7.png,"A cinematic 16:9 wide-angle 3D animated scene representing the bible verse: 'Submit yourselves therefore to God. Resist the devil, and he will flee from you.'. Style: High-quality 3D animation (Pixar/Disney style), warm golden and brown color palette, volumetric lighting, divine atmosphere, peaceful and majestic. Wide shot, detailed background. No text, no words on image, 8k resolution, masterpiece."
1-peter-5-6.png,"A cinematic 16:9 wide-angle 3D animated scene representing the bible verse: 'Humble yourselves therefore under the mighty hand of God, that he may exalt you in due time:'. Style: High-quality 3D animation (Pixar/Disney style), warm golden and brown color palette, volumetric lighting, divine atmosphere, peaceful and majestic. Wide shot, detailed background. No text, no words on image, 8k resolution, masterpiece."
romans-1-16.png,"A cinematic 16:9 wide-angle 3D animated scene representing the bible verse: 'For I am not ashamed of the gospel of Christ: for it is the power of God unto salvation to every one that believeth; to the Jew first, and also to the Greek.'. Style: High-quality 3D animation (Pixar/Disney style), warm golden and brown color palette, volumetric lighting, divine atmosphere, peaceful and majestic. Wide shot, detailed background. No text, no words on image, 8k resolution, masterpiece."
psalms-121-1-2.png,"A cinematic 16:9 wide-angle 3D animated scene representing the bible verse: '[A Song of degrees.] I will lift up mine eyes unto the hills, from whence cometh my help. {I will...: or, Shall I lift up mine eyes to the hills? whence should my help come?} My help {cometh} from the LORD, which made heaven and earth.'. Style: High-quality 3D animation (Pixar/Disney style), warm golden and brown color palette, volumetric lighting, divine atmosphere, peaceful and majestic. Wide shot, detailed background. No text, no words on image, 8k resolution, masterpiece."
ephesians-4-32.png,"A cinematic 16:9 wide-angle 3D animated scene representing the bible verse: 'And be ye kind one to another, tenderhearted, forgiving one another, even as God for Christ's sake hath forgiven you.'. Style: High-quality 3D animation (Pixar/Disney style), warm golden and brown color palette, volumetric lighting, divine atmosphere, peaceful and majestic. Wide shot, detailed background. No text, no words on image, 8k resolution, masterpiece."
philippians-1-6.png,"A cinematic 16:9 wide-angle 3D animated scene representing the bible verse: 'Being confident of this very thing, that he which hath begun a good work in you will perform {it} until the day of Jesus Christ: {perform: or, finish}'. Style: High-quality 3D animation (Pixar/Disney style), warm golden and brown color palette, volumetric lighting, divine atmosphere, peaceful and majestic. Wide shot, detailed background. No text, no words on image, 8k resolution, masterpiece."
psalms-8-9.png,"A cinematic 16:9 wide-angle 3D animated scene representing the bible verse: 'O LORD our Lord, how excellent {is} thy name in all the earth!'. Style: High-quality 3D animation (Pixar/Disney style), warm golden and brown color palette, volumetric lighting, divine atmosphere, peaceful and majestic. Wide shot, detailed background. No text, no words on image, 8k resolution, masterpiece."
john-15-5.png,"A cinematic 16:9 wide-angle 3D animated scene representing the bible verse: 'I am the vine, ye {are} the branches: He that abideth in me, and I in him, the same bringeth forth much fruit: for without me ye can do nothing. {without me: or, severed from me}'. Style: High-quality 3D animation (Pixar/Disney style), warm golden and brown color palette, volumetric lighting, divine atmosphere, peaceful and majestic. Wide shot, detailed background. No text, no words on image, 8k resolution, masterpiece."
romans-5-8.png,"A cinematic 16:9 wide-angle 3D animated scene representing the bible verse: 'But God commendeth his love toward us, in that, while we were yet sinners, Christ died for us.'. Style: High-quality 3D animation (Pixar/Disney style), warm golden and brown color palette, volumetric lighting, divine atmosphere, peaceful and majestic. Wide shot, detailed background. No text, no words on image, 8k resolution, masterpiece."
psalms-150-6.png,"A cinematic 16:9 wide-angle 3D animated scene representing the bible verse: 'Let every thing that hath breath praise the LORD. Praise ye the LORD.'. Style: High-quality 3D animation (Pixar/Disney style), warm golden and brown color palette, volumetric lighting, divine atmosphere, peaceful and majestic. Wide shot, detailed background. No text, no words on image, 8k resolution, masterpiece."
luke-24-6.png,"A cinematic 16:9 wide-angle 3D animated scene representing the bible verse: 'He is not here, but is risen: remember how he spake unto you when he was yet in Galilee,'. Style: High-quality 3D animation (Pixar/Disney style), warm golden and brown color palette, volumetric lighting, divine atmosphere, peaceful and majestic. Wide shot, detailed background. No text, no words on image, 8k resolution, masterpiece."
romans-12-12.png,"A cinematic 16:9 wide-angle 3D animated scene representing the bible verse: 'Rejoicing in hope; patient in tribulation; continuing instant in prayer;'. Style: High-quality 3D animation (Pixar/Disney style), warm golden and brown color palette, volumetric lighting, divine atmosphere, peaceful and majestic. Wide shot, detailed background. No text, no words on image, 8k resolution, masterpiece."
psalms-42-11.png,"A cinematic 16:9 wide-angle 3D animated scene representing the bible verse: 'Why art thou cast down, O my soul? and why art thou disquieted within me? hope thou in God: for I shall yet praise him, {who is} the health of my countenance, and my God.'. Style: High-quality 3D animation (Pixar/Disney style), warm golden and brown color palette, volumetric lighting, divine atmosphere, peaceful and majestic. Wide shot, detailed background. No text, no words on image, 8k resolution, masterpiece."
john-14-27.png,"A cinematic 16:9 wide-angle 3D animated scene representing the bible verse: 'Peace I leave with you, my peace I give unto you: not as the world giveth, give I unto you. Let not your heart be troubled, neither let it be afraid.'. Style: High-quality 3D animation (Pixar/Disney style), warm golden and brown color palette, volumetric lighting, divine atmosphere, peaceful and majestic. Wide shot, detailed background. No text, no words on image, 8k resolution, masterpiece."
ecclesiastes-3-1.png,"A cinematic 16:9 wide-angle 3D animated scene representing the bible verse: 'To every {thing there is} a season, and a time to every purpose under the heaven:'. Style: High-quality 3D animation (Pixar/Disney style), warm golden and brown color palette, volumetric lighting, divine atmosphere, peaceful and majestic. Wide shot, detailed background. No text, no words on image, 8k resolution, masterpiece."
galatians-6-9.png,"A cinematic 16:9 wide-angle 3D animated scene representing the bible verse: 'And let us not be weary in well doing: for in due season we shall reap, if we faint not.'. Style: High-quality 3D animation (Pixar/Disney style), warm golden and brown color palette, volumetric lighting, divine atmosphere, peaceful and majestic. Wide shot, detailed background. No text, no words on image, 8k resolution, masterpiece."
ephesians-3-20.png,"A cinematic 16:9 wide-angle 3D animated scene representing the bible verse: 'Now unto him that is able to do exceeding abundantly above all that we ask or think, according to the power that worketh in us,'. Style: High-quality 3D animation (Pixar/Disney style), warm golden and brown color palette, volumetric lighting, divine atmosphere, peaceful and majestic. Wide shot, detailed background. No text, no words on image, 8k resolution, masterpiece."
psalms-34-18.png,"A cinematic 16:9 wide-angle 3D animated scene representing the bible verse: 'The LORD {is} nigh unto them that are of a broken heart; and saveth such as be of a contrite spirit. {unto...: Heb. to the broken of heart} {of a contrite...: Heb. contrite of spirit}'. Style: High-quality 3D animation (Pixar/Disney style), warm golden and brown color palette, volumetric lighting, divine atmosphere, peaceful and majestic. Wide shot, detailed background. No text, no words on image, 8k resolution, masterpiece."
matthew-11-29.png,"A cinematic 16:9 wide-angle 3D animated scene representing the bible verse: 'Take my yoke upon you, and learn of me; for I am meek and lowly in heart: and ye shall find rest unto your souls.'. Style: High-quality 3D animation (Pixar/Disney style), warm golden and brown color palette, volumetric lighting, divine atmosphere, peaceful and majestic. Wide shot, detailed background. No text, no words on image, 8k resolution, masterpiece."
proverbs-16-9.png,"A cinematic 16:9 wide-angle 3D animated scene representing the bible verse: 'A man's heart deviseth his way: but the LORD directeth his steps.'. Style: High-quality 3D animation (Pixar/Disney style), warm golden and brown color palette, volumetric lighting, divine atmosphere, peaceful and majestic. Wide shot, detailed background. No text, no words on image, 8k resolution, masterpiece."
isaiah-55-8-9.png,"A cinematic 16:9 wide-angle 3D animated scene representing the bible verse: 'For my thoughts {are} not your thoughts, neither {are} your ways my ways, saith the LORD. For {as} the heavens are higher than the earth, so are my ways higher than your ways, and my thoughts than your thoughts.'. Style: High-quality 3D animation (Pixar/Disney style), warm golden and brown color palette, volumetric lighting, divine atmosphere, peaceful and majestic. Wide shot, detailed background. No text, no words on image, 8k resolution, masterpiece."
psalms-16-11.png,"A cinematic 16:9 wide-angle 3D animated scene representing the bible verse: 'Thou wilt shew me the path of life: in thy presence {is} fulness of joy; at thy right hand {there are} pleasures for evermore.'. Style: High-quality 3D animation (Pixar/Disney style), warm golden and brown color palette, volumetric lighting, divine atmosphere, peaceful and majestic. Wide shot, detailed background. No text, no words on image, 8k resolution, masterpiece."
philippians-2-3-4.png,"A cinematic 16:9 wide-angle 3D animated scene representing the bible verse: '{Let} nothing {be done} through strife or vainglory; but in lowliness of mind let each esteem other better than themselves. Look not every man on his own things, but every man also on the things of others.'. Style: High-quality 3D animation (Pixar/Disney style), warm golden and brown color palette, volumetric lighting, divine atmosphere, peaceful and majestic. Wide shot, detailed background. No text, no words on image, 8k resolution, masterpiece."
1-thessalonians-5-11.png,"A cinematic 16:9 wide-angle 3D animated scene representing the bible verse: 'Wherefore comfort yourselves together, and edify one another, even as also ye do. {comfort: or, exhort}'. Style: High-quality 3D animation (Pixar/Disney style), warm golden and brown color palette, volumetric lighting, divine atmosphere, peaceful and majestic. Wide shot, detailed background. No text, no words on image, 8k resolution, masterpiece."
1-timothy-4-12.png,"A cinematic 16:9 wide-angle 3D animated scene representing the bible verse: 'Let no man despise thy youth; but be thou an example of the believers, in word, in conversation, in charity, in spirit, in faith, in purity.'. Style: High-quality 3D animation (Pixar/Disney style), warm golden and brown color palette, volumetric lighting, divine atmosphere, peaceful and majestic. Wide shot, detailed background. No text, no words on image, 8k resolution, masterpiece."
hebrews-10-24-25.png,"A cinematic 16:9 wide-angle 3D animated scene representing the bible verse: 'And let us consider one another to provoke unto love and to good works: Not forsaking the assembling of ourselves together, as the manner of some {is}; but exhorting {one another}: and so much the more, as ye see the day approaching.'. Style: High-quality 3D animation (Pixar/Disney style), warm golden and brown color palette, volumetric lighting, divine atmosphere, peaceful and majestic. Wide shot, detailed background. No text, no words on image, 8k resolution, masterpiece."
james-1-5.png,"A cinematic 16:9 wide-angle 3D animated scene representing the bible verse: 'If any of you lack wisdom, let him ask of God, that giveth to all {men} liberally, and upbraideth not; and it shall be given him.'. Style: High-quality 3D animation (Pixar/Disney style), warm golden and brown color palette, volumetric lighting, divine atmosphere, peaceful and majestic. Wide shot, detailed background. No text, no words on image, 8k resolution, masterpiece."
1-peter-1-3.png,"A cinematic 16:9 wide-angle 3D animated scene representing the bible verse: 'Blessed {be} the God and Father of our Lord Jesus Christ, which according to his abundant mercy hath begotten us again unto a lively hope by the resurrection of Jesus Christ from the dead, {abundant: Gr. much}'. Style: High-quality 3D animation (Pixar/Disney style), warm golden and brown color palette, volumetric lighting, divine atmosphere, peaceful and majestic. Wide shot, detailed background. No text, no words on image, 8k resolution, masterpiece."
1-john-4-7.png,"A cinematic 16:9 wide-angle 3D animated scene representing the bible verse: 'Beloved, let us love one another: for love is of God; and every one that loveth is born of God, and knoweth God. {is born: Gr. has been born}'. Style: High-quality 3D animation (Pixar/Disney style), warm golden and brown color palette, volumetric lighting, divine atmosphere, peaceful and majestic. Wide shot, detailed background. No text, no words on image, 8k resolution, masterpiece."
revelation-21-4.png,"A cinematic 16:9 wide-angle 3D animated scene representing the bible verse: 'And God shall wipe away all tears from their eyes; and there shall be no more death, neither sorrow, nor crying, neither shall there be any more pain: for the former things are passed away.'. Style: High-quality 3D animation (Pixar/Disney style), warm golden and brown color palette, volumetric lighting, divine atmosphere, peaceful and majestic. Wide shot, detailed background. No text, no words on image, 8k resolution, masterpiece."
psalms-24-1.png,"A cinematic 16:9 wide-angle 3D animated scene representing the bible verse: '[A Psalm of David.] The earth {is} the LORD'S, and the fulness thereof; the world, and they that dwell therein.'. Style: High-quality 3D animation (Pixar/Disney style), warm golden and brown color palette, volumetric lighting, divine atmosphere, peaceful and majestic. Wide shot, detailed background. No text, no words on image, 8k resolution, masterpiece."
isaiah-40-8.png,"A cinematic 16:9 wide-angle 3D animated scene representing the bible verse: 'The grass withereth, the flower fadeth: but the word of our God shall stand for ever.'. Style: High-quality 3D animation (Pixar/Disney style), warm golden and brown color palette, volumetric lighting, divine atmosphere, peaceful and majestic. Wide shot, detailed background. No text, no words on image, 8k resolution, masterpiece."
luke-6-31.png,"A cinematic 16:9 wide-angle 3D animated scene representing the bible verse: 'And as ye would that men should do to you, do ye also to them likewise.'. Style: High-quality 3D animation (Pixar/Disney style), warm golden and brown color palette, volumetric lighting, divine atmosphere, peaceful and majestic. Wide shot, detailed background. No text, no words on image, 8k resolution, masterpiece."
isaiah-43-19-es.png,"A cinematic 16:9 wide-angle 3D animated scene representing the bible verse: 'He aquí que yo hago cosa nueva: presto saldrá á luz: ¿no la sabréis? Otra vez pondré camino en el desierto, y ríos en la soledad.'. Style: High-quality 3D animation (Pixar/Disney style), warm golden and brown color palette, volumetric lighting, divine atmosphere, peaceful and majestic. Wide shot, detailed background. No text, no words on image, 8k resolution, masterpiece."
acts-19-4-es.png,"A cinematic 16:9 wide-angle 3D animated scene representing the bible verse: 'Y dijo Pablo: Juan bautizó con bautismo de arrepentimiento, diciendo al pueblo que creyesen en el que había de venir después de él, es á saber, en Jesús el Cristo.'. Style: High-quality 3D animation (Pixar/Disney style), warm golden and brown color palette, volumetric lighting, divine atmosphere, peaceful and majestic. Wide shot, detailed background. No text, no words on image, 8k resolution, masterpiece."
1-chronicles-29-14-es.png,"A cinematic 16:9 wide-angle 3D animated scene representing the bible verse: 'Porque ¿quién soy yo, y quién es mi pueblo, para que pudiésemos ofrecer de nuestra voluntad cosas semejantes? porque todo es tuyo, y lo recibido de tu mano te damos.'. Style: High-quality 3D animation (Pixar/Disney style), warm golden and brown color palette, volumetric lighting, divine atmosphere, peaceful and majestic. Wide shot, detailed background. No text, no words on image, 8k resolution, masterpiece."
proverbs-18-10-es.png,"A cinematic 16:9 wide-angle 3D animated scene representing the bible verse: 'Torre fuerte es el nombre de Jehová: A él correrá el justo, y será levantado.'. Style: High-quality 3D animation (Pixar/Disney style), warm golden and brown color palette, volumetric lighting, divine atmosphere, peaceful and majestic. Wide shot, detailed background. No text, no words on image, 8k resolution, masterpiece."
2-corinthians-3-17-es.png,"A cinematic 16:9 wide-angle 3D animated scene representing the bible verse: 'Porque el Señor es el Espíritu; y donde hay el Espíritu del Señor, allí hay libertad.'. Style: High-quality 3D animation (Pixar/Disney style), warm golden and brown color palette, volumetric lighting, divine atmosphere, peaceful and majestic. Wide shot, detailed background. No text, no words on image, 8k resolution, masterpiece."
daniel-12-10-es.png,"A cinematic 16:9 wide-angle 3D animated scene representing the bible verse: 'Muchos serán limpios, y emblanquecidos, y purificados; mas los impíos obrarán impíamente, y ninguno de los impíos entenderá, pero entenderán los entendidos.'. Style: High-quality 3D animation (Pixar/Disney style), warm golden and brown color palette, volumetric lighting, divine atmosphere, peaceful and majestic. Wide shot, detailed background. No text, no words on image, 8k resolution, masterpiece."
proverbs-16-3-es.png,"A cinematic 16:9 wide-angle 3D animated scene representing the bible verse: 'Encomienda á Jehová tus obras, Y tus pensamientos serán afirmados.'. Style: High-quality 3D animation (Pixar/Disney style), warm golden and brown color palette, volumetric lighting, divine atmosphere, peaceful and majestic. Wide shot, detailed background. No text, no words on image, 8k resolution, masterpiece."
2-corinthians-1-5-es.png,"A cinematic 16:9 wide-angle 3D animated scene representing the bible verse: 'Porque de la manera que abundan en nosotros las aflicciones de Cristo, así abunda también por el mismo Cristo nuestra consolación.'. Style: High-quality 3D animation (Pixar/Disney style), warm golden and brown color palette, volumetric lighting, divine atmosphere, peaceful and majestic. Wide shot, detailed background. No text, no words on image, 8k resolution, masterpiece."
proverbs-4-23-es.png,"A cinematic 16:9 wide-angle 3D animated scene representing the bible verse: 'Sobre toda cosa guardada guarda tu corazón; Porque de él mana la vida.'. Style: High-quality 3D animation (Pixar/Disney style), warm golden and brown color palette, volumetric lighting, divine atmosphere, peaceful and majestic. Wide shot, detailed background. No text, no words on image, 8k resolution, masterpiece."
amos-5-4-es.png,"A cinematic 16:9 wide-angle 3D animated scene representing the bible verse: 'Empero así dice Jehová á la casa de Israel: Buscadme, y viviréis;'. Style: High-quality 3D animation (Pixar/Disney style), warm golden and brown color palette, volumetric lighting, divine atmosphere, peaceful and majestic. Wide shot, detailed background. No text, no words on image, 8k resolution, masterpiece."
psalms-1-1-es.png,"A cinematic 16:9 wide-angle 3D animated scene representing the bible verse: 'BIENAVENTURADO el varón que no anduvo en consejo de malos, Ni estuvo en camino de pecadores, Ni en silla de escarnecedores se ha sentado;'. Style: High-quality 3D animation (Pixar/Disney style), warm golden and brown color palette, volumetric lighting, divine atmosphere, peaceful and majestic. Wide shot, detailed background. No text, no words on image, 8k resolution, masterpiece."
acts-1-10-11-es.png,"A cinematic 16:9 wide-angle 3D animated scene representing the bible verse: 'Y estando con los ojos puestos en el cielo, entre tanto que él iba, he aquí dos varones se pusieron junto á ellos en vestidos blancos; Los cuales también les dijeron: Varones Galileos, ¿qué estáis mirando al cielo? este mismo Jesús que ha sido tomado desde vosotros arriba en el cielo, así vendrá como le habéis visto ir al cielo.'. Style: High-quality 3D animation (Pixar/Disney style), warm golden and brown color palette, volumetric lighting, divine atmosphere, peaceful and majestic. Wide shot, detailed background. No text, no words on image, 8k resolution, masterpiece."
1-corinthians-9-25-es.png,"A cinematic 16:9 wide-angle 3D animated scene representing the bible verse: 'Y todo aquel que lucha, de todo se abstiene: y ellos, á la verdad, para recibir una corona corruptible; mas nosotros, incorruptible.'. Style: High-quality 3D animation (Pixar/Disney style), warm golden and brown color palette, volumetric lighting, divine atmosphere, peaceful and majestic. Wide shot, detailed background. No text, no words on image, 8k resolution, masterpiece."
deuteronomy-13-4-es.png,"A cinematic 16:9 wide-angle 3D animated scene representing the bible verse: 'En pos de Jehová vuestro Dios andaréis, y á él temeréis, y guardaréis sus mandamientos, y escucharéis su voz, y á él serviréis, y á él os allegaréis.'. Style: High-quality 3D animation (Pixar/Disney style), warm golden and brown color palette, volumetric lighting, divine atmosphere, peaceful and majestic. Wide shot, detailed background. No text, no words on image, 8k resolution, masterpiece."
deuteronomy-8-5-es.png,"A cinematic 16:9 wide-angle 3D animated scene representing the bible verse: 'Reconoce asimismo en tu corazón, que como castiga el hombre á su hijo, así Jehová tu Dios te castiga.'. Style: High-quality 3D animation (Pixar/Disney style), warm golden and brown color palette, volumetric lighting, divine atmosphere, peaceful and majestic. Wide shot, detailed background. No text, no words on image, 8k resolution, masterpiece."
isaiah-9-6-es.png,"A cinematic 16:9 wide-angle 3D animated scene representing the bible verse: 'Porque un niño nos es nacido, hijo nos es dado; y el principado sobre su hombro: y llamaráse su nombre Admirable, Consejero, Dios fuerte, Padre eterno, Príncipe de paz.'. Style: High-quality 3D animation (Pixar/Disney style), warm golden and brown color palette, volumetric lighting, divine atmosphere, peaceful and majestic. Wide shot, detailed background. No text, no words on image, 8k resolution, masterpiece."
amos-5-24-es.png,"A cinematic 16:9 wide-angle 3D animated scene representing the bible verse: 'Antes corra el juicio como las aguas, y la justicia como impetuoso arroyo.'. Style: High-quality 3D animation (Pixar/Disney style), warm golden and brown color palette, volumetric lighting, divine atmosphere, peaceful and majestic. Wide shot, detailed background. No text, no words on image, 8k resolution, masterpiece."
daniel-9-5-es.png,"A cinematic 16:9 wide-angle 3D animated scene representing the bible verse: 'Hemos pecado, hemos hecho iniquidad, hemos obrado impíamente, y hemos sido rebeldes, y nos hemos apartado de tus mandamientos y de tus juicios.'. Style: High-quality 3D animation (Pixar/Disney style), warm golden and brown color palette, volumetric lighting, divine atmosphere, peaceful and majestic. Wide shot, detailed background. No text, no words on image, 8k resolution, masterpiece."
john-10-10-es.png,"A cinematic 16:9 wide-angle 3D animated scene representing the bible verse: 'El ladrón no viene sino para hurtar, y matar, y destruir: yo he venido para que tengan vida, y para que la tengan en abundancia.'. Style: High-quality 3D animation (Pixar/Disney style), warm golden and brown color palette, volumetric lighting, divine atmosphere, peaceful and majestic. Wide shot, detailed background. No text, no words on image, 8k resolution, masterpiece."
1-corinthians-15-33-es.png,"A cinematic 16:9 wide-angle 3D animated scene representing the bible verse: 'No erréis: las malas conversaciones corrompen las buenas costumbres.'. Style: High-quality 3D animation (Pixar/Disney style), warm golden and brown color palette, volumetric lighting, divine atmosphere, peaceful and majestic. Wide shot, detailed background. No text, no words on image, 8k resolution, masterpiece."
daniel-4-37-es.png,"A cinematic 16:9 wide-angle 3D animated scene representing the bible verse: 'Ahora yo Nabucodonosor alabo, engrandezco y glorifico al Rey del cielo, porque todas sus obras son verdad, y sus caminos juicio; y humillar puede á los que andan con soberbia.'. Style: High-quality 3D animation (Pixar/Disney style), warm golden and brown color palette, volumetric lighting, divine atmosphere, peaceful and majestic. Wide shot, detailed background. No text, no words on image, 8k resolution, masterpiece."
acts-13-3-es.png,"A cinematic 16:9 wide-angle 3D animated scene representing the bible verse: 'Entonces habiendo ayunado y orado, y puesto las manos encima de ellos, despidiéronlos.'. Style: High-quality 3D animation (Pixar/Disney style), warm golden and brown color palette, volumetric lighting, divine atmosphere, peaceful and majestic. Wide shot, detailed background. No text, no words on image, 8k resolution, masterpiece."
acts-10-43-es.png,"A cinematic 16:9 wide-angle 3D animated scene representing the bible verse: 'A éste dan testimonio todos los profetas, de que todos los que en él creyeren, recibirán perdón de pecados por su nombre.'. Style: High-quality 3D animation (Pixar/Disney style), warm golden and brown color palette, volumetric lighting, divine atmosphere, peaceful and majestic. Wide shot, detailed background. No text, no words on image, 8k resolution, masterpiece."
1-corinthians-6-19-20-es.png,"A cinematic 16:9 wide-angle 3D animated scene representing the bible verse: '¿O ignoráis que vuestro cuerpo es templo del Espíritu Santo, el cual está en vosotros, el cual tenéis de Dios, y que no sois vuestros? Porque comprados sois por precio: glorificad pues á Dios en vuestro cuerpo y en vuestro espíritu, los cuales son de Dios.'. Style: High-quality 3D animation (Pixar/Disney style), warm golden and brown color palette, volumetric lighting, divine atmosphere, peaceful and majestic. Wide shot, detailed background. No text, no words on image, 8k resolution, masterpiece."
deuteronomy-24-5-es.png,"A cinematic 16:9 wide-angle 3D animated scene representing the bible verse: 'Cuando tomare alguno mujer nueva, no saldrá á la guerra, ni en ninguna cosa se le ocupará; libre estará en su casa por un año, para alegrar á su mujer que tomó.'. Style: High-quality 3D animation (Pixar/Disney style), warm golden and brown color palette, volumetric lighting, divine atmosphere, peaceful and majestic. Wide shot, detailed background. No text, no words on image, 8k resolution, masterpiece."
ephesians-2-8-9-es.png,"A cinematic 16:9 wide-angle 3D animated scene representing the bible verse: 'Porque por gracia sois salvos por la fe; y esto no de vosotros, pues es don de Dios: No por obras, para que nadie se gloríe.'. Style: High-quality 3D animation (Pixar/Disney style), warm golden and brown color palette, volumetric lighting, divine atmosphere, peaceful and majestic. Wide shot, detailed background. No text, no words on image, 8k resolution, masterpiece."
1-corinthians-2-9-es.png,"A cinematic 16:9 wide-angle 3D animated scene representing the bible verse: 'Antes, como está escrito: Cosas que ojo no vió, ni oreja oyó, Ni han subido en corazón de hombre, Son las que ha Dios preparado para aquellos que le aman.'. Style: High-quality 3D animation (Pixar/Disney style), warm golden and brown color palette, volumetric lighting, divine atmosphere, peaceful and majestic. Wide shot, detailed background. No text, no words on image, 8k resolution, masterpiece."
1-corinthians-16-14-es.png,"A cinematic 16:9 wide-angle 3D animated scene representing the bible verse: 'Todas vuestras cosas sean hechas con caridad.'. Style: High-quality 3D animation (Pixar/Disney style), warm golden and brown color palette, volumetric lighting, divine atmosphere, peaceful and majestic. Wide shot, detailed background. No text, no words on image, 8k resolution, masterpiece."
2-corinthians-12-10-es.png,"A cinematic 16:9 wide-angle 3D animated scene representing the bible verse: 'Por lo cual me gozo en las flaquezas, en afrentas, en necesidades, en persecuciones, en angustias por Cristo; porque cuando soy flaco, entonces soy poderoso.'. Style: High-quality 3D animation (Pixar/Disney style), warm golden and brown color palette, volumetric lighting, divine atmosphere, peaceful and majestic. Wide shot, detailed background. No text, no words on image, 8k resolution, masterpiece."
romans-3-23-es.png,"A cinematic 16:9 wide-angle 3D animated scene representing the bible verse: 'Por cuanto todos pecaron, y están distituídos de la gloria de Dios;'. Style: High-quality 3D animation (Pixar/Disney style), warm golden and brown color palette, volumetric lighting, divine atmosphere, peaceful and majestic. Wide shot, detailed background. No text, no words on image, 8k resolution, masterpiece."
1-chronicles-29-12-es.png,"A cinematic 16:9 wide-angle 3D animated scene representing the bible verse: 'Las riquezas y la gloria están delante de ti, y tú señoreas á todos: y en tu mano está la potencia y la fortaleza, y en tu mano la grandeza y fuerza de todas las cosas.'. Style: High-quality 3D animation (Pixar/Disney style), warm golden and brown color palette, volumetric lighting, divine atmosphere, peaceful and majestic. Wide shot, detailed background. No text, no words on image, 8k resolution, masterpiece."
2-corinthians-10-17-18-es.png,"A cinematic 16:9 wide-angle 3D animated scene representing the bible verse: 'Mas el que se gloría, gloríese en el Señor. Porque no el que se alaba á sí mismo, el tal es aprobado; mas aquel á quien Dios alaba.'. Style: High-quality 3D animation (Pixar/Disney style), warm golden and brown color palette, volumetric lighting, divine atmosphere, peaceful and majestic. Wide shot, detailed background. No text, no words on image, 8k resolution, masterpiece."
1-corinthians-7-3-4-es.png,"A cinematic 16:9 wide-angle 3D animated scene representing the bible verse: 'El marido pague á la mujer la debida benevolencia; y asimismo la mujer al marido. La mujer no tiene potestad de su propio cuerpo, sino el marido: é igualmente tampoco el marido tiene potestad de su propio cuerpo, sino la mujer.'. Style: High-quality 3D animation (Pixar/Disney style), warm golden and brown color palette, volumetric lighting, divine atmosphere, peaceful and majestic. Wide shot, detailed background. No text, no words on image, 8k resolution, masterpiece."
acts-1-14-es.png,"A cinematic 16:9 wide-angle 3D animated scene representing the bible verse: 'Todos éstos perseveraban unánimes en oración y ruego, con las mujeres, y con María la madre de Jesús, y con sus hermanos.'. Style: High-quality 3D animation (Pixar/Disney style), warm golden and brown color palette, volumetric lighting, divine atmosphere, peaceful and majestic. Wide shot, detailed background. No text, no words on image, 8k resolution, masterpiece."
2-timothy-1-7-es.png,"A cinematic 16:9 wide-angle 3D animated scene representing the bible verse: 'Porque no nos ha dado Dios el espíritu de temor, sino el de fortaleza, y de amor, y de templanza.'. Style: High-quality 3D animation (Pixar/Disney style), warm golden and brown color palette, volumetric lighting, divine atmosphere, peaceful and majestic. Wide shot, detailed background. No text, no words on image, 8k resolution, masterpiece."
amos-3-7-es.png,"A cinematic 16:9 wide-angle 3D animated scene representing the bible verse: 'Porque no hará nada el Señor Jehová, sin que revele su secreto á sus siervos los profetas.'. Style: High-quality 3D animation (Pixar/Disney style), warm golden and brown color palette, volumetric lighting, divine atmosphere, peaceful and majestic. Wide shot, detailed background. No text, no words on image, 8k resolution, masterpiece."
2-chronicles-7-14-es.png,"A cinematic 16:9 wide-angle 3D animated scene representing the bible verse: 'Si se humillare mi pueblo, sobre los cuales ni nombre es invocado, y oraren, y buscaren mi rostro, y se convirtieren de sus malos caminos; entonces yo oiré desde los cielos, y perdonaré sus pecados, y sanaré su tierra.'. Style: High-quality 3D animation (Pixar/Disney style), warm golden and brown color palette, volumetric lighting, divine atmosphere, peaceful and majestic. Wide shot, detailed background. No text, no words on image, 8k resolution, masterpiece."
acts-2-41-es.png,"A cinematic 16:9 wide-angle 3D animated scene representing the bible verse: 'Así que, los que recibieron su palabra, fueron bautizados: y fueron añadidas á ellos aquel día como tres mil personas.'. Style: High-quality 3D animation (Pixar/Disney style), warm golden and brown color palette, volumetric lighting, divine atmosphere, peaceful and majestic. Wide shot, detailed background. No text, no words on image, 8k resolution, masterpiece."
1-corinthians-13-13-es.png,"A cinematic 16:9 wide-angle 3D animated scene representing the bible verse: 'Y ahora permanecen la fe, la esperanza, y la caridad, estas tres: empero la mayor de ellas es la caridad.'. Style: High-quality 3D animation (Pixar/Disney style), warm golden and brown color palette, volumetric lighting, divine atmosphere, peaceful and majestic. Wide shot, detailed background. No text, no words on image, 8k resolution, masterpiece."
daniel-2-23-es.png,"A cinematic 16:9 wide-angle 3D animated scene representing the bible verse: 'A ti, oh Dios de mis padres, confieso y te alabo, que me diste sabiduría y fortaleza, y ahora me enseñaste lo que te pedimos; pues nos has enseñado el negocio del rey.'. Style: High-quality 3D animation (Pixar/Disney style), warm golden and brown color palette, volumetric lighting, divine atmosphere, peaceful and majestic. Wide shot, detailed background. No text, no words on image, 8k resolution, masterpiece."
galatians-5-22-23-es.png,"A cinematic 16:9 wide-angle 3D animated scene representing the bible verse: 'Mas el fruto del Espíritu es: caridad, gozo, paz, tolerancia, benignidad, bondad, fe, Mansedumbre, templanza: contra tales cosas no hay ley.'. Style: High-quality 3D animation (Pixar/Disney style), warm golden and brown color palette, volumetric lighting, divine atmosphere, peaceful and majestic. Wide shot, detailed background. No text, no words on image, 8k resolution, masterpiece."
1-corinthians-6-9-10-es.png,"A cinematic 16:9 wide-angle 3D animated scene representing the bible verse: '¿No sabéis que los injustos no poseerán el reino de Dios? No erréis, que ni los fornicarios, ni los idólatras, ni los adúlteros, ni los afeminados, ni los que se echan con varones, Ni los ladrones, ni los avaros, ni los borrachos, ni los maldicientes, ni los robadores, heredarán el reino de Dios.'. Style: High-quality 3D animation (Pixar/Disney style), warm golden and brown color palette, volumetric lighting, divine atmosphere, peaceful and majestic. Wide shot, detailed background. No text, no words on image, 8k resolution, masterpiece."
1-corinthians-7-2-es.png,"A cinematic 16:9 wide-angle 3D animated scene representing the bible verse: 'Mas á causa de las fornicaciones, cada uno tenga su mujer, y cada una tenga su marido.'. Style: High-quality 3D animation (Pixar/Disney style), warm golden and brown color palette, volumetric lighting, divine atmosphere, peaceful and majestic. Wide shot, detailed background. No text, no words on image, 8k resolution, masterpiece."
1-corinthians-15-1-2-es.png,"A cinematic 16:9 wide-angle 3D animated scene representing the bible verse: 'ADEMAS os declaro, hermanos, el evangelio que os he predicado, el cual también recibisteis, en el cual también perseveráis; Por el cual asimismo, si retenéis la palabra que os he predicado, sois salvos, si no creísteis en vano.'. Style: High-quality 3D animation (Pixar/Disney style), warm golden and brown color palette, volumetric lighting, divine atmosphere, peaceful and majestic. Wide shot, detailed background. No text, no words on image, 8k resolution, masterpiece."
1-corinthians-13-4-7-es.png,"A cinematic 16:9 wide-angle 3D animated scene representing the bible verse: 'La caridad es sufrida, es benigna; la caridad no tiene envidia, la caridad no hace sinrazón, no se ensancha; No es injuriosa, no busca lo suyo, no se irrita, no piensa el mal; No se huelga de la injusticia, mas se huelga de la verdad; Todo lo sufre, todo lo cree, todo lo espera, todo lo soporta.'. Style: High-quality 3D animation (Pixar/Disney style), warm golden and brown color palette, volumetric lighting, divine atmosphere, peaceful and majestic. Wide shot, detailed background. No text, no words on image, 8k resolution, masterpiece."
acts-5-42-es.png,"A cinematic 16:9 wide-angle 3D animated scene representing the bible verse: 'Y todos los días, en el templo y por las casas, no cesaban de enseñar y predicar á Jesucristo.'. Style: High-quality 3D animation (Pixar/Disney style), warm golden and brown color palette, volumetric lighting, divine atmosphere, peaceful and majestic. Wide shot, detailed background. No text, no words on image, 8k resolution, masterpiece."
ecclesiastes-1-18-es.png,"A cinematic 16:9 wide-angle 3D animated scene representing the bible verse: 'Porque en la mucha sabiduría hay mucha molestia; y quien añade ciencia, añade dolor.'. Style: High-quality 3D animation (Pixar/Disney style), warm golden and brown color palette, volumetric lighting, divine atmosphere, peaceful and majestic. Wide shot, detailed background. No text, no words on image, 8k resolution, masterpiece."
1-corinthians-8-6-es.png,"A cinematic 16:9 wide-angle 3D animated scene representing the bible verse: 'Nosotros empero no tenemos más de un Dios, el Padre, del cual son todas las cosas, y nosotros en él: y un Señor Jesucristo, por el cual son todas las cosas, y nosotros por él.'. Style: High-quality 3D animation (Pixar/Disney style), warm golden and brown color palette, volumetric lighting, divine atmosphere, peaceful and majestic. Wide shot, detailed background. No text, no words on image, 8k resolution, masterpiece."
acts-9-31-es.png,"A cinematic 16:9 wide-angle 3D animated scene representing the bible verse: 'Las iglesias entonces tenían paz por toda Judea y Galilea y Samaria, y eran edificadas, andando en el temor del Señor; y con consuelo del Espíritu Santo eran multiplicadas.'. Style: High-quality 3D animation (Pixar/Disney style), warm golden and brown color palette, volumetric lighting, divine atmosphere, peaceful and majestic. Wide shot, detailed background. No text, no words on image, 8k resolution, masterpiece."
2-corinthians-7-10-es.png,"A cinematic 16:9 wide-angle 3D animated scene representing the bible verse: 'Porque el dolor que es según Dios, obra arrepentimiento saludable, de que no hay que arrepentirse; mas el dolor del siglo obra muerte.'. Style: High-quality 3D animation (Pixar/Disney style), warm golden and brown color palette, volumetric lighting, divine atmosphere, peaceful and majestic. Wide shot, detailed background. No text, no words on image, 8k resolution, masterpiece."
1-corinthians-2-11-es.png,"A cinematic 16:9 wide-angle 3D animated scene representing the bible verse: 'Porque ¿quién de los hombres sabe las cosas del hombre, sino el espíritu del hombre que está en él? Así tampoco nadie conoció las cosas de Dios, sino el Espíritu de Dios.'. Style: High-quality 3D animation (Pixar/Disney style), warm golden and brown color palette, volumetric lighting, divine atmosphere, peaceful and majestic. Wide shot, detailed background. No text, no words on image, 8k resolution, masterpiece."
1-corinthians-9-27-es.png,"A cinematic 16:9 wide-angle 3D animated scene representing the bible verse: 'Antes hiero mi cuerpo, y lo pongo en servidumbre; no sea que, habiendo predicado á otros, yo mismo venga á ser reprobado.'. Style: High-quality 3D animation (Pixar/Disney style), warm golden and brown color palette, volumetric lighting, divine atmosphere, peaceful and majestic. Wide shot, detailed background. No text, no words on image, 8k resolution, masterpiece."
2-corinthians-8-12-es.png,"A cinematic 16:9 wide-angle 3D animated scene representing the bible verse: 'Porque si primero hay la voluntad pronta, será acepta por lo que tiene, no por lo que no tiene.'. Style: High-quality 3D animation (Pixar/Disney style), warm golden and brown color palette, volumetric lighting, divine atmosphere, peaceful and majestic. Wide shot, detailed background. No text, no words on image, 8k resolution, masterpiece."
acts-3-26-es.png,"A cinematic 16:9 wide-angle 3D animated scene representing the bible verse: 'A vosotros primeramente, Dios, habiendo levantado á su Hijo, le envió para que os bendijese, á fin de que cada uno se convierta de su maldad.'. Style: High-quality 3D animation (Pixar/Disney style), warm golden and brown color palette, volumetric lighting, divine atmosphere, peaceful and majestic. Wide shot, detailed background. No text, no words on image, 8k resolution, masterpiece."
acts-3-19-es.png,"A cinematic 16:9 wide-angle 3D animated scene representing the bible verse: 'Así que, arrepentíos y convertíos, para que sean borrados vuestros pecados; pues que vendrán los tiempos del refrigerio de la presencia del Señor,'. Style: High-quality 3D animation (Pixar/Disney style), warm golden and brown color palette, volumetric lighting, divine atmosphere, peaceful and majestic. Wide shot, detailed background. No text, no words on image, 8k resolution, masterpiece."
deuteronomy-10-12-13-es.png,"A cinematic 16:9 wide-angle 3D animated scene representing the bible verse: 'Ahora pues, Israel, ¿qué pide Jehová tu Dios de ti, sino que temas á Jehová tu Dios, que andes en todos sus caminos, y que lo ames, y sirvas á Jehová tu Dios con todo tu corazón, y con toda tu alma; Que guardes los mandamientos de Jehová y sus estatutos, que yo te prescribo hoy, para que hayas bien?'. Style: High-quality 3D animation (Pixar/Disney style), warm golden and brown color palette, volumetric lighting, divine atmosphere, peaceful and majestic. Wide shot, detailed background. No text, no words on image, 8k resolution, masterpiece."
isaiah-40-31-es.png,"A cinematic 16:9 wide-angle 3D animated scene representing the bible verse: 'Mas los que esperan á Jehová tendrán nuevas fuerzas; levantarán las alas como águilas, correrán, y no se cansarán, caminarán, y no se fatigarán.'. Style: High-quality 3D animation (Pixar/Disney style), warm golden and brown color palette, volumetric lighting, divine atmosphere, peaceful and majestic. Wide shot, detailed background. No text, no words on image, 8k resolution, masterpiece."
colossians-2-16-17-es.png,"A cinematic 16:9 wide-angle 3D animated scene representing the bible verse: 'Por tanto, nadie os juzgue en comida, ó en bebida, ó en parte de día de fiesta, ó de nueva luna, ó de sábados: Lo cual es la sombra de lo por venir; mas el cuerpo es de Cristo.'. Style: High-quality 3D animation (Pixar/Disney style), warm golden and brown color palette, volumetric lighting, divine atmosphere, peaceful and majestic. Wide shot, detailed background. No text, no words on image, 8k resolution, masterpiece."
romans-6-23-es.png,"A cinematic 16:9 wide-angle 3D animated scene representing the bible verse: 'Porque la paga del pecado es muerte: mas la dádiva de Dios es vida eterna en Cristo Jesús Señor nuestro.'. Style: High-quality 3D animation (Pixar/Disney style), warm golden and brown color palette, volumetric lighting, divine atmosphere, peaceful and majestic. Wide shot, detailed background. No text, no words on image, 8k resolution, masterpiece."
2-corinthians-6-10-es.png,"A cinematic 16:9 wide-angle 3D animated scene representing the bible verse: 'Como doloridos, mas siempre gozosos; como pobres, mas enriqueciendo á muchos; como no teniendo nada, mas poseyéndolo todo.'. Style: High-quality 3D animation (Pixar/Disney style), warm golden and brown color palette, volumetric lighting, divine atmosphere, peaceful and majestic. Wide shot, detailed background. No text, no words on image, 8k resolution, masterpiece."
2-corinthians-5-14-15-es.png,"A cinematic 16:9 wide-angle 3D animated scene representing the bible verse: 'Porque el amor de Cristo nos constriñe, pensando esto: Que si uno murió por todos, luego todos son muertos; Y por todos murió, para que los que viven, ya no vivan para sí, mas para aquel que murió y resucitó por ellos.'. Style: High-quality 3D animation (Pixar/Disney style), warm golden and brown color palette, volumetric lighting, divine atmosphere, peaceful and majestic. Wide shot, detailed background. No text, no words on image, 8k resolution, masterpiece."
daniel-10-3-es.png,"A cinematic 16:9 wide-angle 3D animated scene representing the bible verse: 'No comí pan delicado, ni entró carne ni vino en mi boca, ni me unté con ungüento, hasta que se cumplieron tres semanas de días.'. Style: High-quality 3D animation (Pixar/Disney style), warm golden and brown color palette, volumetric lighting, divine atmosphere, peaceful and majestic. Wide shot, detailed background. No text, no words on image, 8k resolution, masterpiece."
colossians-3-2-es.png,"A cinematic 16:9 wide-angle 3D animated scene representing the bible verse: 'Poned la mira en las cosas de arriba, no en las de la tierra.'. Style: High-quality 3D animation (Pixar/Disney style), warm golden and brown color palette, volumetric lighting, divine atmosphere, peaceful and majestic. Wide shot, detailed background. No text, no words on image, 8k resolution, masterpiece."
ecclesiastes-11-5-es.png,"A cinematic 16:9 wide-angle 3D animated scene representing the bible verse: 'Como tú no sabes cuál es el camino del viento, ó como se crían los huesos en el vientre de la mujer preñada, así ignoras la obra de Dios, el cual hace todas las cosas.'. Style: High-quality 3D animation (Pixar/Disney style), warm golden and brown color palette, volumetric lighting, divine atmosphere, peaceful and majestic. Wide shot, detailed background. No text, no words on image, 8k resolution, masterpiece."
1-corinthians-13-3-es.png,"A cinematic 16:9 wide-angle 3D animated scene representing the bible verse: 'Y si repartiese toda mi hacienda para dar de comer a pobres, y si entregase mi cuerpo para ser quemado, y no tengo caridad, de nada me sirve.'. Style: High-quality 3D animation (Pixar/Disney style), warm golden and brown color palette, volumetric lighting, divine atmosphere, peaceful and majestic. Wide shot, detailed background. No text, no words on image, 8k resolution, masterpiece."
acts-10-47-es.png,"A cinematic 16:9 wide-angle 3D animated scene representing the bible verse: 'Entonces respondió Pedro: ¿Puede alguno impedir el agua, para que no sean bautizados éstos que han recibido el Espíritu Santo también como nosotros?'. Style: High-quality 3D animation (Pixar/Disney style), warm golden and brown color palette, volumetric lighting, divine atmosphere, peaceful and majestic. Wide shot, detailed background. No text, no words on image, 8k resolution, masterpiece."
2-chronicles-19-7-es.png,"A cinematic 16:9 wide-angle 3D animated scene representing the bible verse: 'Sea pues con vosotros el temor de Jehová; guardad y haced: porque en Jehová nuestro Dios no hay iniquidad, ni acepción de personas, ni recibir cohecho.'. Style: High-quality 3D animation (Pixar/Disney style), warm golden and brown color palette, volumetric lighting, divine atmosphere, peaceful and majestic. Wide shot, detailed background. No text, no words on image, 8k resolution, masterpiece."
ecclesiastes-11-10-es.png,"A cinematic 16:9 wide-angle 3D animated scene representing the bible verse: 'Quita pues el enojo de tu corazón, y aparta el mal de tu carne: porque la mocedad y la juventud son vainidad.'. Style: High-quality 3D animation (Pixar/Disney style), warm golden and brown color palette, volumetric lighting, divine atmosphere, peaceful and majestic. Wide shot, detailed background. No text, no words on image, 8k resolution, masterpiece."
colossians-1-27-es.png,"A cinematic 16:9 wide-angle 3D animated scene representing the bible verse: 'A los cuales quiso Dios hacer notorias las riquezas de la gloria de este misterio entre los Gentiles; que es Cristo en vosotros la esperanza de gloria:'. Style: High-quality 3D animation (Pixar/Disney style), warm golden and brown color palette, volumetric lighting, divine atmosphere, peaceful and majestic. Wide shot, detailed background. No text, no words on image, 8k resolution, masterpiece."
1-corinthians-8-4-es.png,"A cinematic 16:9 wide-angle 3D animated scene representing the bible verse: 'Acerca, pues, de las viandas que son saacrificadas á los ídolos, sabemos que el ídolo nada es en el mundo, y que no hay más de un Dios.'. Style: High-quality 3D animation (Pixar/Disney style), warm golden and brown color palette, volumetric lighting, divine atmosphere, peaceful and majestic. Wide shot, detailed background. No text, no words on image, 8k resolution, masterpiece."
galatians-2-20-es.png,"A cinematic 16:9 wide-angle 3D animated scene representing the bible verse: 'Con Cristo estoy juntamente crucificado, y vivo, no ya yo, mas vive Cristo en mí: y lo que ahora vivo en la carne, lo vivo en la fe del Hijo de Dios, el cual me amó, y se entregó á sí mismo por mí.'. Style: High-quality 3D animation (Pixar/Disney style), warm golden and brown color palette, volumetric lighting, divine atmosphere, peaceful and majestic. Wide shot, detailed background. No text, no words on image, 8k resolution, masterpiece."
deuteronomy-15-6-es.png,"A cinematic 16:9 wide-angle 3D animated scene representing the bible verse: 'Ya que Jehová tu Dios te habrá bendecido, como te ha dicho, prestarás entonces á muchas gentes, mas tú no tomarás prestado; y enseñorearte has de muchas gentes, pero de ti no se enseñorearán.'. Style: High-quality 3D animation (Pixar/Disney style), warm golden and brown color palette, volumetric lighting, divine atmosphere, peaceful and majestic. Wide shot, detailed background. No text, no words on image, 8k resolution, masterpiece."
deuteronomy-6-6-7-es.png,"A cinematic 16:9 wide-angle 3D animated scene representing the bible verse: 'Y estas palabras que yo te mando hoy, estarán sobre tu corazón: Y las repetirás á tus hijos, y hablarás de ellas estando en tu casa, y andando por el camino, y al acostarte, y cuando te levantes:'. Style: High-quality 3D animation (Pixar/Disney style), warm golden and brown color palette, volumetric lighting, divine atmosphere, peaceful and majestic. Wide shot, detailed background. No text, no words on image, 8k resolution, masterpiece."
2-corinthians-12-9-es.png,"A cinematic 16:9 wide-angle 3D animated scene representing the bible verse: 'Y me ha dicho: Bástate mi gracia; porque mi potencia en la flaqueza se perfecciona. Por tanto, de buena gana me gloriaré más bien en mis flaquezas, porque habite en mí la potencia de Cristo.'. Style: High-quality 3D animation (Pixar/Disney style), warm golden and brown color palette, volumetric lighting, divine atmosphere, peaceful and majestic. Wide shot, detailed background. No text, no words on image, 8k resolution, masterpiece."
deuteronomy-4-29-es.png,"A cinematic 16:9 wide-angle 3D animated scene representing the bible verse: 'Mas si desde allí buscares á Jehová tu Dios, lo hallarás, si lo buscares de todo tu corazón y de toda tu alma.'. Style: High-quality 3D animation (Pixar/Disney style), warm golden and brown color palette, volumetric lighting, divine atmosphere, peaceful and majestic. Wide shot, detailed background. No text, no words on image, 8k resolution, masterpiece."
ecclesiastes-12-13-es.png,"A cinematic 16:9 wide-angle 3D animated scene representing the bible verse: 'El fin de todo el discurso oído es este: Teme á Dios, y guarda sus mandamientos; porque esto es el todo del hombre.'. Style: High-quality 3D animation (Pixar/Disney style), warm golden and brown color palette, volumetric lighting, divine atmosphere, peaceful and majestic. Wide shot, detailed background. No text, no words on image, 8k resolution, masterpiece."
psalms-5-12-es.png,"A cinematic 16:9 wide-angle 3D animated scene representing the bible verse: 'Porque tú, oh Jehová, bendecirás al justo; Lo cercarás de benevolencia como con un escudo.'. Style: High-quality 3D animation (Pixar/Disney style), warm golden and brown color palette, volumetric lighting, divine atmosphere, peaceful and majestic. Wide shot, detailed background. No text, no words on image, 8k resolution, masterpiece."
deuteronomy-7-9-es.png,"A cinematic 16:9 wide-angle 3D animated scene representing the bible verse: 'Conoce, pues, que Jehová tu Dios es Dios, Dios fiel, que guarda el pacto y la misericordia á los que le aman y guardan sus mandamientos, hasta las mil generaciones;'. Style: High-quality 3D animation (Pixar/Disney style), warm golden and brown color palette, volumetric lighting, divine atmosphere, peaceful and majestic. Wide shot, detailed background. No text, no words on image, 8k resolution, masterpiece."
1-corinthians-16-13-es.png,"A cinematic 16:9 wide-angle 3D animated scene representing the bible verse: 'Velad, estad firmes en la fe; portaos varonilmente, y esforzaos.'. Style: High-quality 3D animation (Pixar/Disney style), warm golden and brown color palette, volumetric lighting, divine atmosphere, peaceful and majestic. Wide shot, detailed background. No text, no words on image, 8k resolution, masterpiece."
deuteronomy-5-15-es.png,"A cinematic 16:9 wide-angle 3D animated scene representing the bible verse: 'Y acuérdate que fuiste siervo en tierra de Egipto, y que Jehová tu Dios te sacó de allá con mano fuerte y brazo extendido: por lo cual Jehová tu Dios te ha mandado que guardes el día del reposo.'. Style: High-quality 3D animation (Pixar/Disney style), warm golden and brown color palette, volumetric lighting, divine atmosphere, peaceful and majestic. Wide shot, detailed background. No text, no words on image, 8k resolution, masterpiece."
romans-12-2-es.png,"A cinematic 16:9 wide-angle 3D animated scene representing the bible verse: 'Y no os conforméis á este siglo; mas reformaos por la renovación de vuestro entendimiento, para que experimentéis cuál sea la buena voluntad de Dios, agradable y perfecta.'. Style: High-quality 3D animation (Pixar/Disney style), warm golden and brown color palette, volumetric lighting, divine atmosphere, peaceful and majestic. Wide shot, detailed background. No text, no words on image, 8k resolution, masterpiece."
deuteronomy-8-3-es.png,"A cinematic 16:9 wide-angle 3D animated scene representing the bible verse: 'Y te afligió, é hízote tener hambre, y te sustentó con maná, comida que no conocías tú, ni tus padres la habían conocido; para hacerte saber que el hombre no vivirá de solo pan, mas de todo lo que sale de la boca de Jehová vivirá el hombre.'. Style: High-quality 3D animation (Pixar/Disney style), warm golden and brown color palette, volumetric lighting, divine atmosphere, peaceful and majestic. Wide shot, detailed background. No text, no words on image, 8k resolution, masterpiece."
deuteronomy-31-6-es.png,"A cinematic 16:9 wide-angle 3D animated scene representing the bible verse: 'Esforzaos y cobrad ánimo; no temáis, ni tengáis miedo de ellos: que Jehová tu Dios es el que va contigo: no te dejará ni te desamparará.'. Style: High-quality 3D animation (Pixar/Disney style), warm golden and brown color palette, volumetric lighting, divine atmosphere, peaceful and majestic. Wide shot, detailed background. No text, no words on image, 8k resolution, masterpiece."
acts-20-24-es.png,"A cinematic 16:9 wide-angle 3D animated scene representing the bible verse: 'Mas de ninguna cosa hago caso, ni estimo mi vida preciosa para mí mismo; solamente que acabe mi carrera con gozo, y el ministerio que recibí del Señor Jesús, para dar testimonio del evangelio de la gracia de Dios.'. Style: High-quality 3D animation (Pixar/Disney style), warm golden and brown color palette, volumetric lighting, divine atmosphere, peaceful and majestic. Wide shot, detailed background. No text, no words on image, 8k resolution, masterpiece."
acts-2-1-2-es.png,"A cinematic 16:9 wide-angle 3D animated scene representing the bible verse: 'Y COMO se cumplieron los días de Pentecostés, estaban todos unánimes juntos; Y de repente vino un estruendo del cielo como de un viento recio que corría, el cual hinchió toda la casa donde estaban sentados;'. Style: High-quality 3D animation (Pixar/Disney style), warm golden and brown color palette, volumetric lighting, divine atmosphere, peaceful and majestic. Wide shot, detailed background. No text, no words on image, 8k resolution, masterpiece."
1-peter-5-7-es.png,"A cinematic 16:9 wide-angle 3D animated scene representing the bible verse: 'Echando toda vuestra solicitud en él, porque él tiene cuidado de vosotros.'. Style: High-quality 3D animation (Pixar/Disney style), warm golden and brown color palette, volumetric lighting, divine atmosphere, peaceful and majestic. Wide shot, detailed background. No text, no words on image, 8k resolution, masterpiece."
2-corinthians-9-6-es.png,"A cinematic 16:9 wide-angle 3D animated scene representing the bible verse: 'Esto empero digo: El que siembra escasamente, también segará escasamente; y el que siembra en bendiciones, en bendiciones también segará.'. Style: High-quality 3D animation (Pixar/Disney style), warm golden and brown color palette, volumetric lighting, divine atmosphere, peaceful and majestic. Wide shot, detailed background. No text, no words on image, 8k resolution, masterpiece."
acts-1-8-es.png,"A cinematic 16:9 wide-angle 3D animated scene representing the bible verse: 'Mas recibiréis la virtud del Espíritu Santo que vendrá sobre vosotros; y me sereís testigos en Jerusalem, en toda Judea, y Samaria, y hasta lo último de la tierra.'. Style: High-quality 3D animation (Pixar/Disney style), warm golden and brown color palette, volumetric lighting, divine atmosphere, peaceful and majestic. Wide shot, detailed background. No text, no words on image, 8k resolution, masterpiece."
revelation-3-20-es.png,"A cinematic 16:9 wide-angle 3D animated scene representing the bible verse: 'He aquí, yo estoy á la puerta y llamo: si alguno oyere mi voz y abriere la puerta, entraré á él, y cenaré con él, y él conmigo.'. Style: High-quality 3D animation (Pixar/Disney style), warm golden and brown color palette, volumetric lighting, divine atmosphere, peaceful and majestic. Wide shot, detailed background. No text, no words on image, 8k resolution, masterpiece."
psalms-46-1-es.png,"A cinematic 16:9 wide-angle 3D animated scene representing the bible verse: 'DIOS es nuestro amparo y fortaleza, Nuestro pronto auxilio en las tribulaciones.'. Style: High-quality 3D animation (Pixar/Disney style), warm golden and brown color palette, volumetric lighting, divine atmosphere, peaceful and majestic. Wide shot, detailed background. No text, no words on image, 8k resolution, masterpiece."
deuteronomy-28-1-es.png,"A cinematic 16:9 wide-angle 3D animated scene representing the bible verse: 'Y SERA que, si oyeres diligente la voz de Jehová tu Dios, para guardar, para poner por obra todos sus mandamientos que yo te prescribo hoy, también Jehová tu Dios te pondrá alto sobre todas las gentes de la tierra;'. Style: High-quality 3D animation (Pixar/Disney style), warm golden and brown color palette, volumetric lighting, divine atmosphere, peaceful and majestic. Wide shot, detailed background. No text, no words on image, 8k resolution, masterpiece."
ecclesiastes-10-12-es.png,"A cinematic 16:9 wide-angle 3D animated scene representing the bible verse: 'Las palabras de la boca del sabio son gracia; mas los labios del necio causan su propia ruina.'. Style: High-quality 3D animation (Pixar/Disney style), warm golden and brown color palette, volumetric lighting, divine atmosphere, peaceful and majestic. Wide shot, detailed background. No text, no words on image, 8k resolution, masterpiece."
1-corinthians-12-13-es.png,"A cinematic 16:9 wide-angle 3D animated scene representing the bible verse: 'Porque por un Espíritu somos todos bautizados en un cuerpo, ora Judíos ó Griegos, ora siervos ó libres; y todos hemos bebido de un mismo Espíritu.'. Style: High-quality 3D animation (Pixar/Disney style), warm golden and brown color palette, volumetric lighting, divine atmosphere, peaceful and majestic. Wide shot, detailed background. No text, no words on image, 8k resolution, masterpiece."
acts-22-7-es.png,"A cinematic 16:9 wide-angle 3D animated scene representing the bible verse: 'Y caí en el suelo, y oí una voz que me decía: Saulo, Saulo, ¿por qué me persigues?'. Style: High-quality 3D animation (Pixar/Disney style), warm golden and brown color palette, volumetric lighting, divine atmosphere, peaceful and majestic. Wide shot, detailed background. No text, no words on image, 8k resolution, masterpiece."
psalms-27-1-es.png,"A cinematic 16:9 wide-angle 3D animated scene representing the bible verse: 'JEHOVA es mi luz y mi salvación: ¿de quién temeré? Jehová es la fortaleza de mi vida: ¿de quién he de atemorizarme?'. Style: High-quality 3D animation (Pixar/Disney style), warm golden and brown color palette, volumetric lighting, divine atmosphere, peaceful and majestic. Wide shot, detailed background. No text, no words on image, 8k resolution, masterpiece."
isaiah-43-2-es.png,"A cinematic 16:9 wide-angle 3D animated scene representing the bible verse: 'Cuando pasares por las aguas, yo seré contigo; y por los ríos, no te anegarán. Cuando pasares por el fuego, no te quemarás, ni la llama arderá en ti.'. Style: High-quality 3D animation (Pixar/Disney style), warm golden and brown color palette, volumetric lighting, divine atmosphere, peaceful and majestic. Wide shot, detailed background. No text, no words on image, 8k resolution, masterpiece."
acts-17-30-es.png,"A cinematic 16:9 wide-angle 3D animated scene representing the bible verse: 'Empero Dios, habiendo disimulado los tiempos de esta ignorancia, ahora denuncia á todos los hombres en todos los lugares que se arrepientan:'. Style: High-quality 3D animation (Pixar/Disney style), warm golden and brown color palette, volumetric lighting, divine atmosphere, peaceful and majestic. Wide shot, detailed background. No text, no words on image, 8k resolution, masterpiece."
acts-4-31-es.png,"A cinematic 16:9 wide-angle 3D animated scene representing the bible verse: 'Y como hubieron orado, el lugar en que estaban congregados tembló; y todos fueron llenos del Espíritu Santo, y hablaron la palabra de Dios con confianza.'. Style: High-quality 3D animation (Pixar/Disney style), warm golden and brown color palette, volumetric lighting, divine atmosphere, peaceful and majestic. Wide shot, detailed background. No text, no words on image, 8k resolution, masterpiece."
acts-16-31-es.png,"A cinematic 16:9 wide-angle 3D animated scene representing the bible verse: 'Y ellos dijeron: Cree en el Señor Jesucristo, y serás salvo tú, y tu casa.'. Style: High-quality 3D animation (Pixar/Disney style), warm golden and brown color palette, volumetric lighting, divine atmosphere, peaceful and majestic. Wide shot, detailed background. No text, no words on image, 8k resolution, masterpiece."
john-12-13-es.png,"A cinematic 16:9 wide-angle 3D animated scene representing the bible verse: 'Tomaron ramos de palmas, y salieron á recibirle, y clamaban: ¡Hosanna, Bendito el que viene en el nombre del Señor, el Rey de Israel!'. Style: High-quality 3D animation (Pixar/Disney style), warm golden and brown color palette, volumetric lighting, divine atmosphere, peaceful and majestic. Wide shot, detailed background. No text, no words on image, 8k resolution, masterpiece."
colossians-3-12-es.png,"A cinematic 16:9 wide-angle 3D animated scene representing the bible verse: 'Vestíos pues, como escogidos de Dios, santos y amados, de entrañas de misericordia, de benignidad, de humildad, de mansedumbre, de tolerancia;'. Style: High-quality 3D animation (Pixar/Disney style), warm golden and brown color palette, volumetric lighting, divine atmosphere, peaceful and majestic. Wide shot, detailed background. No text, no words on image, 8k resolution, masterpiece."
proverbs-3-5-6-es.png,"A cinematic 16:9 wide-angle 3D animated scene representing the bible verse: 'Fíate de Jehová de todo tu corazón, Y no estribes en tu prudencia. Reconócelo en todos tus caminos, Y él enderezará tus veredas.'. Style: High-quality 3D animation (Pixar/Disney style), warm golden and brown color palette, volumetric lighting, divine atmosphere, peaceful and majestic. Wide shot, detailed background. No text, no words on image, 8k resolution, masterpiece."
2-corinthians-9-11-es.png,"A cinematic 16:9 wide-angle 3D animated scene representing the bible verse: 'Para que estéis enriquecidos en todo para toda bondad, la cual obra por nosotros hacimiento de gracias á Dios.'. Style: High-quality 3D animation (Pixar/Disney style), warm golden and brown color palette, volumetric lighting, divine atmosphere, peaceful and majestic. Wide shot, detailed background. No text, no words on image, 8k resolution, masterpiece."
matthew-5-16-es.png,"A cinematic 16:9 wide-angle 3D animated scene representing the bible verse: 'Así alumbre vuestra luz delante de los hombres, para que vean vuestras obras buenas, y glorifiquen á vuestro Padre que está en los cielos.'. Style: High-quality 3D animation (Pixar/Disney style), warm golden and brown color palette, volumetric lighting, divine atmosphere, peaceful and majestic. Wide shot, detailed background. No text, no words on image, 8k resolution, masterpiece."
isaiah-53-5-es.png,"A cinematic 16:9 wide-angle 3D animated scene representing the bible verse: 'Mas él herido fué por nuestras rebeliones, molido por nuestros pecados: el castigo de nuestra paz sobre él; y por su llaga fuimos nosotros curados.'. Style: High-quality 3D animation (Pixar/Disney style), warm golden and brown color palette, volumetric lighting, divine atmosphere, peaceful and majestic. Wide shot, detailed background. No text, no words on image, 8k resolution, masterpiece."
acts-5-32-es.png,"A cinematic 16:9 wide-angle 3D animated scene representing the bible verse: 'Y nosotros somos testigos suyos de estas cosas, y también el Espíritu Santo, el cual ha dado Dios á los que le obedecen.'. Style: High-quality 3D animation (Pixar/Disney style), warm golden and brown color palette, volumetric lighting, divine atmosphere, peaceful and majestic. Wide shot, detailed background. No text, no words on image, 8k resolution, masterpiece."
matthew-28-6-es.png,"A cinematic 16:9 wide-angle 3D animated scene representing the bible verse: 'No está aquí; porque ha resucitado, como dijo. Venid, ved el lugar donde fué puesto el Señor.'. Style: High-quality 3D animation (Pixar/Disney style), warm golden and brown color palette, volumetric lighting, divine atmosphere, peaceful and majestic. Wide shot, detailed background. No text, no words on image, 8k resolution, masterpiece."
2-corinthians-5-19-es.png,"A cinematic 16:9 wide-angle 3D animated scene representing the bible verse: 'Porque ciertamente Dios estaba en Cristo reconciliando el mundo á sí, no imputándole sus pecados, y puso en nosotros la palabra de la reconciliación.'. Style: High-quality 3D animation (Pixar/Disney style), warm golden and brown color palette, volumetric lighting, divine atmosphere, peaceful and majestic. Wide shot, detailed background. No text, no words on image, 8k resolution, masterpiece."
1-corinthians-10-31-es.png,"A cinematic 16:9 wide-angle 3D animated scene representing the bible verse: 'Si pues coméis, ó bebéis, ó hacéis otra cosa, haced lo todo á gloria de Dios.'. Style: High-quality 3D animation (Pixar/Disney style), warm golden and brown color palette, volumetric lighting, divine atmosphere, peaceful and majestic. Wide shot, detailed background. No text, no words on image, 8k resolution, masterpiece."
acts-19-5-6-es.png,"A cinematic 16:9 wide-angle 3D animated scene representing the bible verse: 'Oído que hubieron esto, fueron bautizados en el nombre del Señor Jesús. Y habiéndoles impuesto Pablo las manos, vino sobre ellos el Espíritu Santo; y hablaban en lenguas, y profetizaban.'. Style: High-quality 3D animation (Pixar/Disney style), warm golden and brown color palette, volumetric lighting, divine atmosphere, peaceful and majestic. Wide shot, detailed background. No text, no words on image, 8k resolution, masterpiece."
matthew-11-28-es.png,"A cinematic 16:9 wide-angle 3D animated scene representing the bible verse: 'Venid á mí todos los que estáis trabajados y cargados, que yo os haré descansar.'. Style: High-quality 3D animation (Pixar/Disney style), warm golden and brown color palette, volumetric lighting, divine atmosphere, peaceful and majestic. Wide shot, detailed background. No text, no words on image, 8k resolution, masterpiece."
2-corinthians-6-14-es.png,"A cinematic 16:9 wide-angle 3D animated scene representing the bible verse: 'No os juntéis en yugo con los infieles: porque ¿qué compañía tienes la justicia con la injusticia? ¿y qué comunión la luz con las tinieblas?'. Style: High-quality 3D animation (Pixar/Disney style), warm golden and brown color palette, volumetric lighting, divine atmosphere, peaceful and majestic. Wide shot, detailed background. No text, no words on image, 8k resolution, masterpiece."
acts-13-38-39-es.png,"A cinematic 16:9 wide-angle 3D animated scene representing the bible verse: 'Séaos pues notorio, varones hermanos, que por éste os es anunciada remisión de pecados, Y de todo lo que por la ley de Moisés no pudisteis ser justificados, en éste es justificado todo aquel que creyere.'. Style: High-quality 3D animation (Pixar/Disney style), warm golden and brown color palette, volumetric lighting, divine atmosphere, peaceful and majestic. Wide shot, detailed background. No text, no words on image, 8k resolution, masterpiece."
1-chronicles-16-34-es.png,"A cinematic 16:9 wide-angle 3D animated scene representing the bible verse: 'Celebrad á Jehová, porque es bueno; Porque su misericordia es eterna.'. Style: High-quality 3D animation (Pixar/Disney style), warm golden and brown color palette, volumetric lighting, divine atmosphere, peaceful and majestic. Wide shot, detailed background. No text, no words on image, 8k resolution, masterpiece."
deuteronomy-4-40-es.png,"A cinematic 16:9 wide-angle 3D animated scene representing the bible verse: 'Y guarda sus estatutos y sus mandamientos, que yo te mando hoy, para que te vaya bien á ti y á tus hijos después de ti, y prolongues tus días sobre la tierra que Jehová tu Dios te da para siempre.'. Style: High-quality 3D animation (Pixar/Disney style), warm golden and brown color palette, volumetric lighting, divine atmosphere, peaceful and majestic. Wide shot, detailed background. No text, no words on image, 8k resolution, masterpiece."
deuteronomy-5-33-es.png,"A cinematic 16:9 wide-angle 3D animated scene representing the bible verse: 'Andad en todo camino que Jehová vuestro Dios os ha mandado, para que viváis, y os vaya bien, y tengáis largos días en la tierra que habéis de poseer.'. Style: High-quality 3D animation (Pixar/Disney style), warm golden and brown color palette, volumetric lighting, divine atmosphere, peaceful and majestic. Wide shot, detailed background. No text, no words on image, 8k resolution, masterpiece."
colossians-3-16-es.png,"A cinematic 16:9 wide-angle 3D animated scene representing the bible verse: 'La palabra de Cristo habite en vosotros en abundancia en toda sabiduría, enseñándoos y exhortándoos los unos á los otros con salmos é himnos y canciones espirituales, con gracia cantando en vuestros corazones al Señor.'. Style: High-quality 3D animation (Pixar/Disney style), warm golden and brown color palette, volumetric lighting, divine atmosphere, peaceful and majestic. Wide shot, detailed background. No text, no words on image, 8k resolution, masterpiece."
acts-13-47-es.png,"A cinematic 16:9 wide-angle 3D animated scene representing the bible verse: 'Porque así nos ha mandado el Señor, diciendo: Te he puesto para luz de los Gentiles, Para que seas salud hasta lo postrero de la tierra.'. Style: High-quality 3D animation (Pixar/Disney style), warm golden and brown color palette, volumetric lighting, divine atmosphere, peaceful and majestic. Wide shot, detailed background. No text, no words on image, 8k resolution, masterpiece."
1-john-4-19-es.png,"A cinematic 16:9 wide-angle 3D animated scene representing the bible verse: 'Nosotros le amamos á él, porque él nos amó primero.'. Style: High-quality 3D animation (Pixar/Disney style), warm golden and brown color palette, volumetric lighting, divine atmosphere, peaceful and majestic. Wide shot, detailed background. No text, no words on image, 8k resolution, masterpiece."
1-corinthians-1-28-29-es.png,"A cinematic 16:9 wide-angle 3D animated scene representing the bible verse: 'Y lo vil del mundo y lo menos preciado escogió Dios, y lo que no es, para deshacer lo que es: Para que ninguna carne se jacte en su presencia.'. Style: High-quality 3D animation (Pixar/Disney style), warm golden and brown color palette, volumetric lighting, divine atmosphere, peaceful and majestic. Wide shot, detailed background. No text, no words on image, 8k resolution, masterpiece."
isaiah-41-10-es.png,"A cinematic 16:9 wide-angle 3D animated scene representing the bible verse: 'No temas, que yo soy contigo; no desmayes, que yo soy tu Dios que te esfuerzo: siempre te ayudaré, siempre te sustentaré con la diestra de mi justicia.'. Style: High-quality 3D animation (Pixar/Disney style), warm golden and brown color palette, volumetric lighting, divine atmosphere, peaceful and majestic. Wide shot, detailed background. No text, no words on image, 8k resolution, masterpiece."
psalms-56-3-es.png,"A cinematic 16:9 wide-angle 3D animated scene representing the bible verse: 'En el día que temo, Yo en ti confío.'. Style: High-quality 3D animation (Pixar/Disney style), warm golden and brown color palette, volumetric lighting, divine atmosphere, peaceful and majestic. Wide shot, detailed background. No text, no words on image, 8k resolution, masterpiece."
2-corinthians-4-17-es.png,"A cinematic 16:9 wide-angle 3D animated scene representing the bible verse: 'Porque lo que al presente es momentáneo y leve de nuestra tribulación, nos obra un sobremanera alto y eterno peso de gloria;'. Style: High-quality 3D animation (Pixar/Disney style), warm golden and brown color palette, volumetric lighting, divine atmosphere, peaceful and majestic. Wide shot, detailed background. No text, no words on image, 8k resolution, masterpiece."
colossians-1-18-es.png,"A cinematic 16:9 wide-angle 3D animated scene representing the bible verse: 'Y él es la cabeza del cuerpo que es la iglesia; él que es el principio, el primogénito de los muertos, para que en todo tenga el primado.'. Style: High-quality 3D animation (Pixar/Disney style), warm golden and brown color palette, volumetric lighting, divine atmosphere, peaceful and majestic. Wide shot, detailed background. No text, no words on image, 8k resolution, masterpiece."
acts-2-21-es.png,"A cinematic 16:9 wide-angle 3D animated scene representing the bible verse: 'Y será que todo aquel que invocare el nombre del Señor, será salvo.'. Style: High-quality 3D animation (Pixar/Disney style), warm golden and brown color palette, volumetric lighting, divine atmosphere, peaceful and majestic. Wide shot, detailed background. No text, no words on image, 8k resolution, masterpiece."
daniel-2-22-es.png,"A cinematic 16:9 wide-angle 3D animated scene representing the bible verse: 'El revela lo profundo y lo escondido: conoce lo que está en tinieblas, y la luz mora con él.'. Style: High-quality 3D animation (Pixar/Disney style), warm golden and brown color palette, volumetric lighting, divine atmosphere, peaceful and majestic. Wide shot, detailed background. No text, no words on image, 8k resolution, masterpiece."
1-chronicles-16-11-es.png,"A cinematic 16:9 wide-angle 3D animated scene representing the bible verse: 'Buscad á Jehová y su fortaleza; Buscad su rostro continuamente.'. Style: High-quality 3D animation (Pixar/Disney style), warm golden and brown color palette, volumetric lighting, divine atmosphere, peaceful and majestic. Wide shot, detailed background. No text, no words on image, 8k resolution, masterpiece."
2-corinthians-13-11-es.png,"A cinematic 16:9 wide-angle 3D animated scene representing the bible verse: 'Resta, hermanos, que tengáis gozo, seáis perfectos, tengáis consolación, sintáis una misma cosa, tengáis paz; y el Dios de paz y de caridad será con vosotros.'. Style: High-quality 3D animation (Pixar/Disney style), warm golden and brown color palette, volumetric lighting, divine atmosphere, peaceful and majestic. Wide shot, detailed background. No text, no words on image, 8k resolution, masterpiece."
1-chronicles-29-11-es.png,"A cinematic 16:9 wide-angle 3D animated scene representing the bible verse: 'Tuya es, oh Jehová, la magnificencia, y el poder, y la gloria, la victoria, y el honor; porque todas las cosas que están en los cielos y en la tierra son tuyas. Tuyo, oh Jehová, es el reino, y la altura sobre todos los que están por cabeza.'. Style: High-quality 3D animation (Pixar/Disney style), warm golden and brown color palette, volumetric lighting, divine atmosphere, peaceful and majestic. Wide shot, detailed background. No text, no words on image, 8k resolution, masterpiece."
1-corinthians-15-58-es.png,"A cinematic 16:9 wide-angle 3D animated scene representing the bible verse: 'Así que, hermanos míos amados, estad firmes y constantes, creciendo en la obra del Señor siempre, sabiendo que vuestro trabajo en el Señor no es vano.'. Style: High-quality 3D animation (Pixar/Disney style), warm golden and brown color palette, volumetric lighting, divine atmosphere, peaceful and majestic. Wide shot, detailed background. No text, no words on image, 8k resolution, masterpiece."
deuteronomy-5-29-es.png,"A cinematic 16:9 wide-angle 3D animated scene representing the bible verse: '¡Quién diera que tuviesen tal corazón, que me temiesen, y guardasen todos los días todos mis mandamientos, para que á ellos y á sus hijos les fuese bien para siempre!'. Style: High-quality 3D animation (Pixar/Disney style), warm golden and brown color palette, volumetric lighting, divine atmosphere, peaceful and majestic. Wide shot, detailed background. No text, no words on image, 8k resolution, masterpiece."
matthew-6-33-es.png,"A cinematic 16:9 wide-angle 3D animated scene representing the bible verse: 'Mas buscad primeramente el reino de Dios y su justicia, y todas estas cosas os serán añadidas.'. Style: High-quality 3D animation (Pixar/Disney style), warm golden and brown color palette, volumetric lighting, divine atmosphere, peaceful and majestic. Wide shot, detailed background. No text, no words on image, 8k resolution, masterpiece."
2-corinthians-7-1-es.png,"A cinematic 16:9 wide-angle 3D animated scene representing the bible verse: 'ASI que, amados, pues tenemos tales promesas, limpiémonos de toda inmundicia de carne y de espíritu, perfeccionando la santificación en temor de Dios.'. Style: High-quality 3D animation (Pixar/Disney style), warm golden and brown color palette, volumetric lighting, divine atmosphere, peaceful and majestic. Wide shot, detailed background. No text, no words on image, 8k resolution, masterpiece."
colossians-4-2-es.png,"A cinematic 16:9 wide-angle 3D animated scene representing the bible verse: 'Perseverad en oración, velando en ella con hacimiento de gracias:'. Style: High-quality 3D animation (Pixar/Disney style), warm golden and brown color palette, volumetric lighting, divine atmosphere, peaceful and majestic. Wide shot, detailed background. No text, no words on image, 8k resolution, masterpiece."
proverbs-31-28-es.png,"A cinematic 16:9 wide-angle 3D animated scene representing the bible verse: 'Levantáronse sus hijos, y llamáronla bienaventurada; Y su marido también la alabó.'. Style: High-quality 3D animation (Pixar/Disney style), warm golden and brown color palette, volumetric lighting, divine atmosphere, peaceful and majestic. Wide shot, detailed background. No text, no words on image, 8k resolution, masterpiece."
2-corinthians-1-3-4-es.png,"A cinematic 16:9 wide-angle 3D animated scene representing the bible verse: 'Bendito sea el Dios y Padre del Señor Jesucristo, el Padre de misericordias, y el Dios de toda consolación, El cual nos consuela en todas nuestras tribulaciones, para que podamos también nosotros consolar á los que están en cualquiera angustia, con la consolación con que nosotros somos consolados de Dios.'. Style: High-quality 3D animation (Pixar/Disney style), warm golden and brown color palette, volumetric lighting, divine atmosphere, peaceful and majestic. Wide shot, detailed background. No text, no words on image, 8k resolution, masterpiece."
isaiah-26-3-es.png,"A cinematic 16:9 wide-angle 3D animated scene representing the bible verse: 'Tú le guardarás en completa paz, cuyo pensamiento en ti persevera; porque en ti se ha confiado.'. Style: High-quality 3D animation (Pixar/Disney style), warm golden and brown color palette, volumetric lighting, divine atmosphere, peaceful and majestic. Wide shot, detailed background. No text, no words on image, 8k resolution, masterpiece."
jeremiah-33-3-es.png,"A cinematic 16:9 wide-angle 3D animated scene representing the bible verse: 'Clama á mí, y te responderé, y te enseñaré cosas grandes y dificultosas que tú no sabes.'. Style: High-quality 3D animation (Pixar/Disney style), warm golden and brown color palette, volumetric lighting, divine atmosphere, peaceful and majestic. Wide shot, detailed background. No text, no words on image, 8k resolution, masterpiece."
acts-16-25-es.png,"A cinematic 16:9 wide-angle 3D animated scene representing the bible verse: 'Mas á media noche, orando Pablo y Silas, cantaban himnos á Dios: y los que estaban presos los oían.'. Style: High-quality 3D animation (Pixar/Disney style), warm golden and brown color palette, volumetric lighting, divine atmosphere, peaceful and majestic. Wide shot, detailed background. No text, no words on image, 8k resolution, masterpiece."
1-corinthians-13-2-es.png,"A cinematic 16:9 wide-angle 3D animated scene representing the bible verse: 'Y si tuviese profecía, y entendiese todos los misterios y toda ciencia; y si tuviese toda la fe, de tal manera que traspasase los montes, y no tengo caridad, nada soy.'. Style: High-quality 3D animation (Pixar/Disney style), warm golden and brown color palette, volumetric lighting, divine atmosphere, peaceful and majestic. Wide shot, detailed background. No text, no words on image, 8k resolution, masterpiece."
acts-4-32-es.png,"A cinematic 16:9 wide-angle 3D animated scene representing the bible verse: 'Y la multitud de los que habían creído era de un corazón y un alma: y ninguno decía ser suyo algo de lo que poseía; mas todas las cosas les eran comunes.'. Style: High-quality 3D animation (Pixar/Disney style), warm golden and brown color palette, volumetric lighting, divine atmosphere, peaceful and majestic. Wide shot, detailed background. No text, no words on image, 8k resolution, masterpiece."
1-corinthians-1-9-es.png,"A cinematic 16:9 wide-angle 3D animated scene representing the bible verse: 'Fiel es Dios, por el cual sois llamados á la participación de su Hijo Jesucristo nuestro Señor.'. Style: High-quality 3D animation (Pixar/Disney style), warm golden and brown color palette, volumetric lighting, divine atmosphere, peaceful and majestic. Wide shot, detailed background. No text, no words on image, 8k resolution, masterpiece."
deuteronomy-14-9-10-es.png,"A cinematic 16:9 wide-angle 3D animated scene representing the bible verse: 'Esto comeréis de todo lo que está en el agua: todo lo que tiene aleta y escama comeréis; Mas todo lo que no tuviere aleta y escama, no comeréis: inmundo os será.'. Style: High-quality 3D animation (Pixar/Disney style), warm golden and brown color palette, volumetric lighting, divine atmosphere, peaceful and majestic. Wide shot, detailed background. No text, no words on image, 8k resolution, masterpiece."
colossians-3-14-es.png,"A cinematic 16:9 wide-angle 3D animated scene representing the bible verse: 'Y sobre todas estas cosas vestíos de caridad, la cual es el vínculo de la perfección.'. Style: High-quality 3D animation (Pixar/Disney style), warm golden and brown color palette, volumetric lighting, divine atmosphere, peaceful and majestic. Wide shot, detailed background. No text, no words on image, 8k resolution, masterpiece."
1-corinthians-10-13-es.png,"A cinematic 16:9 wide-angle 3D animated scene representing the bible verse: 'No os ha tomado tentación, sino humana: mas fiel es Dios, que no os dejará ser tentados más de lo que podeís llevar; antes dará también juntamente con la tentación la salida, para que podáis aguantar.'. Style: High-quality 3D animation (Pixar/Disney style), warm golden and brown color palette, volumetric lighting, divine atmosphere, peaceful and majestic. Wide shot, detailed background. No text, no words on image, 8k resolution, masterpiece."
deuteronomy-18-21-22-es.png,"A cinematic 16:9 wide-angle 3D animated scene representing the bible verse: 'Y si dijeres en tu corazón: ¿Cómo conoceremos la palabra que Jehová no hubiere hablado? Cuando el profeta hablare en nombre de Jehová, y no fuere la tal cosa, ni viniere, es palabra que Jehová no ha hablado: con soberbia la habló aquel profeta: no tengas temor de él.'. Style: High-quality 3D animation (Pixar/Disney style), warm golden and brown color palette, volumetric lighting, divine atmosphere, peaceful and majestic. Wide shot, detailed background. No text, no words on image, 8k resolution, masterpiece."
1-corinthians-1-18-es.png,"A cinematic 16:9 wide-angle 3D animated scene representing the bible verse: 'Porque la palabra de la cruz es locura á los que se pierden; mas á los que se salvan, es á saber, á nosotros, es potencia de Dios.'. Style: High-quality 3D animation (Pixar/Disney style), warm golden and brown color palette, volumetric lighting, divine atmosphere, peaceful and majestic. Wide shot, detailed background. No text, no words on image, 8k resolution, masterpiece."
acts-4-12-es.png,"A cinematic 16:9 wide-angle 3D animated scene representing the bible verse: 'Y en ningún otro hay salud; porque no hay otro nombre debajo del cielo, dado á los hombres, en que podamos ser salvos.'. Style: High-quality 3D animation (Pixar/Disney style), warm golden and brown color palette, volumetric lighting, divine atmosphere, peaceful and majestic. Wide shot, detailed background. No text, no words on image, 8k resolution, masterpiece."
ephesians-6-10-es.png,"A cinematic 16:9 wide-angle 3D animated scene representing the bible verse: 'Por lo demás, hermanos míos, confortaos en el Señor, y en la potencia de su fortaleza.'. Style: High-quality 3D animation (Pixar/Disney style), warm golden and brown color palette, volumetric lighting, divine atmosphere, peaceful and majestic. Wide shot, detailed background. No text, no words on image, 8k resolution, masterpiece."
john-15-13-es.png,"A cinematic 16:9 wide-angle 3D animated scene representing the bible verse: 'Nadie tiene mayor amor que este, que ponga alguno su vida por sus amigos.'. Style: High-quality 3D animation (Pixar/Disney style), warm golden and brown color palette, volumetric lighting, divine atmosphere, peaceful and majestic. Wide shot, detailed background. No text, no words on image, 8k resolution, masterpiece."
1-corinthians-1-10-es.png,"A cinematic 16:9 wide-angle 3D animated scene representing the bible verse: 'Os ruego pues, hermanos, por el nombre de nuestro Señor Jesucristo, que habléis todos una misma cosa, y que no haya entre vosotros disensiones, antes seáis perfectamente unidos en una misma mente y en un mismo parecer.'. Style: High-quality 3D animation (Pixar/Disney style), warm golden and brown color palette, volumetric lighting, divine atmosphere, peaceful and majestic. Wide shot, detailed background. No text, no words on image, 8k resolution, masterpiece."
deuteronomy-4-13-es.png,"A cinematic 16:9 wide-angle 3D animated scene representing the bible verse: 'Y él os anunció su pacto, el cual os mandó poner por obra, las diez palabras; y escribiólas en dos tablas de piedra.'. Style: High-quality 3D animation (Pixar/Disney style), warm golden and brown color palette, volumetric lighting, divine atmosphere, peaceful and majestic. Wide shot, detailed background. No text, no words on image, 8k resolution, masterpiece."
1-john-1-9-es.png,"A cinematic 16:9 wide-angle 3D animated scene representing the bible verse: 'Si confesamos nuestros pecados, él es fiel y justo para que nos perdone nuestros pecados, y nos limpie de toda maldad.'. Style: High-quality 3D animation (Pixar/Disney style), warm golden and brown color palette, volumetric lighting, divine atmosphere, peaceful and majestic. Wide shot, detailed background. No text, no words on image, 8k resolution, masterpiece."
1-corinthians-6-18-es.png,"A cinematic 16:9 wide-angle 3D animated scene representing the bible verse: 'Huid la fornicación. Cualquier otro pecado que el hombre hiciere, fuera del cuerpo es; mas el que fornica, contra su propio cuerpo peca.'. Style: High-quality 3D animation (Pixar/Disney style), warm golden and brown color palette, volumetric lighting, divine atmosphere, peaceful and majestic. Wide shot, detailed background. No text, no words on image, 8k resolution, masterpiece."
deuteronomy-4-39-es.png,"A cinematic 16:9 wide-angle 3D animated scene representing the bible verse: 'Aprende pues hoy, y reduce á tu corazón que Jehová él es el Dios arriba en el cielo, y abajo sobre la tierra; no hay otro.'. Style: High-quality 3D animation (Pixar/Disney style), warm golden and brown color palette, volumetric lighting, divine atmosphere, peaceful and majestic. Wide shot, detailed background. No text, no words on image, 8k resolution, masterpiece."
acts-2-4-es.png,"A cinematic 16:9 wide-angle 3D animated scene representing the bible verse: 'Y fueron todos llenos del Espíritu Santo, y comenzaron á hablar en otras lenguas, como el Espíritu les daba que hablasen.'. Style: High-quality 3D animation (Pixar/Disney style), warm golden and brown color palette, volumetric lighting, divine atmosphere, peaceful and majestic. Wide shot, detailed background. No text, no words on image, 8k resolution, masterpiece."
colossians-3-18-19-es.png,"A cinematic 16:9 wide-angle 3D animated scene representing the bible verse: 'Casadas, estad sujetas á vuestros maridos, como conviene en el Señor. Maridos, amad á vuestras mujeres, y no seáis desapacibles con ellas.'. Style: High-quality 3D animation (Pixar/Disney style), warm golden and brown color palette, volumetric lighting, divine atmosphere, peaceful and majestic. Wide shot, detailed background. No text, no words on image, 8k resolution, masterpiece."
psalms-19-14-es.png,"A cinematic 16:9 wide-angle 3D animated scene representing the bible verse: 'Sean gratos los dichos de mi boca y la meditación de mi corazón delante de ti, Oh Jehová, roca mía, y redentor mío'. Style: High-quality 3D animation (Pixar/Disney style), warm golden and brown color palette, volumetric lighting, divine atmosphere, peaceful and majestic. Wide shot, detailed background. No text, no words on image, 8k resolution, masterpiece."
acts-22-16-es.png,"A cinematic 16:9 wide-angle 3D animated scene representing the bible verse: 'Ahora pues, ¿por qué te detienes? Levántate, y bautízate, y lava tus pecados, invocando su nombre.'. Style: High-quality 3D animation (Pixar/Disney style), warm golden and brown color palette, volumetric lighting, divine atmosphere, peaceful and majestic. Wide shot, detailed background. No text, no words on image, 8k resolution, masterpiece."
psalms-119-105-es.png,"A cinematic 16:9 wide-angle 3D animated scene representing the bible verse: 'NUN. Lámpara es á mis pies tu palabra, Y lumbrera á mi camino.'. Style: High-quality 3D animation (Pixar/Disney style), warm golden and brown color palette, volumetric lighting, divine atmosphere, peaceful and majestic. Wide shot, detailed background. No text, no words on image, 8k resolution, masterpiece."
colossians-3-9-10-es.png,"A cinematic 16:9 wide-angle 3D animated scene representing the bible verse: 'No mintáis los unos á los otros, habiéndoos despojado del viejo hombre con sus hechos, Y revestídoos del nuevo, el cual por el conocimiento es renovado conforme á la imagen del que lo crió;'. Style: High-quality 3D animation (Pixar/Disney style), warm golden and brown color palette, volumetric lighting, divine atmosphere, peaceful and majestic. Wide shot, detailed background. No text, no words on image, 8k resolution, masterpiece."
acts-17-28-es.png,"A cinematic 16:9 wide-angle 3D animated scene representing the bible verse: 'Porque en él vivimos, y nos movemos, y somos; como también algunos de vuestros poetas dijeron: Porque linaje de éste somos también.'. Style: High-quality 3D animation (Pixar/Disney style), warm golden and brown color palette, volumetric lighting, divine atmosphere, peaceful and majestic. Wide shot, detailed background. No text, no words on image, 8k resolution, masterpiece."
deuteronomy-5-12-14-es.png,"A cinematic 16:9 wide-angle 3D animated scene representing the bible verse: 'Guardarás el día del reposo para santificarlo, como Jehová tu Dios te ha mandado. Seis días trabajarás y harás toda tu obra: Mas el séptimo es reposo á Jehová tu Dios: ninguna obra harás tú, ni tu hijo, ni tu hija, ni tu siervo, ni tu sierva, ni tu buey, ni tu asno, ni ningún animal tuyo, ni tu peregrino que está dentro de tus puertas: porque descanse tu siervo y tu sierva como tú.'. Style: High-quality 3D animation (Pixar/Disney style), warm golden and brown color palette, volumetric lighting, divine atmosphere, peaceful and majestic. Wide shot, detailed background. No text, no words on image, 8k resolution, masterpiece."
2-corinthians-9-8-es.png,"A cinematic 16:9 wide-angle 3D animated scene representing the bible verse: 'Y poderoso es Dios para hacer que abunde en vosotros toda gracia; á fin de que, teniendo siempre en todas las cosas todo lo que basta, abundéis para toda buena obra:'. Style: High-quality 3D animation (Pixar/Disney style), warm golden and brown color palette, volumetric lighting, divine atmosphere, peaceful and majestic. Wide shot, detailed background. No text, no words on image, 8k resolution, masterpiece."
amos-9-6-es.png,"A cinematic 16:9 wide-angle 3D animated scene representing the bible verse: 'El edificó en el cielo sus gradas, y ha establecido su expansión sobre la tierra: él llama las aguas de la mar, y sobre la haz de la tierra las derrama: Jehová es su nombre.'. Style: High-quality 3D animation (Pixar/Disney style), warm golden and brown color palette, volumetric lighting, divine atmosphere, peaceful and majestic. Wide shot, detailed background. No text, no words on image, 8k resolution, masterpiece."
acts-2-42-es.png,"A cinematic 16:9 wide-angle 3D animated scene representing the bible verse: 'Y perseveraban en la doctrina de los apóstoles, y en la comunión, y en el partimiento del pan, y en las oraciones.'. Style: High-quality 3D animation (Pixar/Disney style), warm golden and brown color palette, volumetric lighting, divine atmosphere, peaceful and majestic. Wide shot, detailed background. No text, no words on image, 8k resolution, masterpiece."
1-corinthians-3-16-es.png,"A cinematic 16:9 wide-angle 3D animated scene representing the bible verse: '¿No sabéis que sois templo de Dios, y que el Espíritu de Dios mora en vosotros?'. Style: High-quality 3D animation (Pixar/Disney style), warm golden and brown color palette, volumetric lighting, divine atmosphere, peaceful and majestic. Wide shot, detailed background. No text, no words on image, 8k resolution, masterpiece."
acts-5-3-4-es.png,"A cinematic 16:9 wide-angle 3D animated scene representing the bible verse: 'Y dijo Pedro: Ananías, ¿por qué ha llenado Satanás tu corazón á que mintieses al Espíritu Santo, y defraudases del precio de la heredad? Reteniéndola, ¿no se te quedaba á ti? y vendida, ¿no estaba en tu potestad? ¿Por qué pusiste esto en tu corazón? No has mentido á los hombres, sino á Dios.'. Style: High-quality 3D animation (Pixar/Disney style), warm golden and brown color palette, volumetric lighting, divine atmosphere, peaceful and majestic. Wide shot, detailed background. No text, no words on image, 8k resolution, masterpiece."
proverbs-20-7-es.png,"A cinematic 16:9 wide-angle 3D animated scene representing the bible verse: 'El justo que camina en su integridad, Bienaventurados serán sus hijos después de él.'. Style: High-quality 3D animation (Pixar/Disney style), warm golden and brown color palette, volumetric lighting, divine atmosphere, peaceful and majestic. Wide shot, detailed background. No text, no words on image, 8k resolution, masterpiece."
1-corinthians-15-34-es.png,"A cinematic 16:9 wide-angle 3D animated scene representing the bible verse: 'Velad debidamente, y no pequéis; porque algunos no conocen á Dios: para vergüenza vuestra hablo.'. Style: High-quality 3D animation (Pixar/Disney style), warm golden and brown color palette, volumetric lighting, divine atmosphere, peaceful and majestic. Wide shot, detailed background. No text, no words on image, 8k resolution, masterpiece."
1-corinthians-3-9-es.png,"A cinematic 16:9 wide-angle 3D animated scene representing the bible verse: 'Porque nosotros, coadjutores somos de Dios; y vosotros labranza de Dios sois, edificio de Dios sois.'. Style: High-quality 3D animation (Pixar/Disney style), warm golden and brown color palette, volumetric lighting, divine atmosphere, peaceful and majestic. Wide shot, detailed background. No text, no words on image, 8k resolution, masterpiece."
amos-5-14-es.png,"A cinematic 16:9 wide-angle 3D animated scene representing the bible verse: 'Buscad lo bueno, y no lo malo, para que viváis; porque así Jehová Dios de los ejércitos será con vosotros, como decís.'. Style: High-quality 3D animation (Pixar/Disney style), warm golden and brown color palette, volumetric lighting, divine atmosphere, peaceful and majestic. Wide shot, detailed background. No text, no words on image, 8k resolution, masterpiece."
1-corinthians-15-57-es.png,"A cinematic 16:9 wide-angle 3D animated scene representing the bible verse: 'Mas á Dios gracias, que nos da la victoria por el Señor nuestro Jesucristo.'. Style: High-quality 3D animation (Pixar/Disney style), warm golden and brown color palette, volumetric lighting, divine atmosphere, peaceful and majestic. Wide shot, detailed background. No text, no words on image, 8k resolution, masterpiece."
2-corinthians-4-16-es.png,"A cinematic 16:9 wide-angle 3D animated scene representing the bible verse: 'Por tanto, no desmayamos: antes aunque este nuestro hombre exterior se va desgastando, el interior empero se renueva de día en día.'. Style: High-quality 3D animation (Pixar/Disney style), warm golden and brown color palette, volumetric lighting, divine atmosphere, peaceful and majestic. Wide shot, detailed background. No text, no words on image, 8k resolution, masterpiece."
colossians-3-17-es.png,"A cinematic 16:9 wide-angle 3D animated scene representing the bible verse: 'Y todo lo que hacéis, sea de palabra, ó de hecho, hacedlo todo en el nombre del Señor Jesús, dando gracias á Dios Padre por él.'. Style: High-quality 3D animation (Pixar/Disney style), warm golden and brown color palette, volumetric lighting, divine atmosphere, peaceful and majestic. Wide shot, detailed background. No text, no words on image, 8k resolution, masterpiece."
philippians-4-13-es.png,"A cinematic 16:9 wide-angle 3D animated scene representing the bible verse: 'Todo lo puedo en Cristo que me fortalece.'. Style: High-quality 3D animation (Pixar/Disney style), warm golden and brown color palette, volumetric lighting, divine atmosphere, peaceful and majestic. Wide shot, detailed background. No text, no words on image, 8k resolution, masterpiece."
1-corinthians-15-21-es.png,"A cinematic 16:9 wide-angle 3D animated scene representing the bible verse: 'Porque por cuanto la muerte entró por un hombre, también por un hombre la resurrección de los muertos.'. Style: High-quality 3D animation (Pixar/Disney style), warm golden and brown color palette, volumetric lighting, divine atmosphere, peaceful and majestic. Wide shot, detailed background. No text, no words on image, 8k resolution, masterpiece."
deuteronomy-31-8-es.png,"A cinematic 16:9 wide-angle 3D animated scene representing the bible verse: 'Y Jehová es el que va delante de ti; él será contigo, no te dejará, ni te desamparará; no temas, ni te intimides.'. Style: High-quality 3D animation (Pixar/Disney style), warm golden and brown color palette, volumetric lighting, divine atmosphere, peaceful and majestic. Wide shot, detailed background. No text, no words on image, 8k resolution, masterpiece."
2-corinthians-4-18-es.png,"A cinematic 16:9 wide-angle 3D animated scene representing the bible verse: 'No mirando nosotros á las cosas que se ven, sino á las que no se ven: porque las cosas que se ven son temporales, mas las que no se ven son eternas.'. Style: High-quality 3D animation (Pixar/Disney style), warm golden and brown color palette, volumetric lighting, divine atmosphere, peaceful and majestic. Wide shot, detailed background. No text, no words on image, 8k resolution, masterpiece."
2-corinthians-5-18-es.png,"A cinematic 16:9 wide-angle 3D animated scene representing the bible verse: 'Y todo esto es de Dios, el cual nos reconcilió á sí por Cristo; y nos dió el ministerio de la reconciliación.'. Style: High-quality 3D animation (Pixar/Disney style), warm golden and brown color palette, volumetric lighting, divine atmosphere, peaceful and majestic. Wide shot, detailed background. No text, no words on image, 8k resolution, masterpiece."
2-corinthians-5-17-es.png,"A cinematic 16:9 wide-angle 3D animated scene representing the bible verse: 'De modo que si alguno está en Cristo, nueva criatura es: las cosas viejas pasaron; he aquí todas son hechas nuevas.'. Style: High-quality 3D animation (Pixar/Disney style), warm golden and brown color palette, volumetric lighting, divine atmosphere, peaceful and majestic. Wide shot, detailed background. No text, no words on image, 8k resolution, masterpiece."
1-thessalonians-5-17-es.png,"A cinematic 16:9 wide-angle 3D animated scene representing the bible verse: 'Orad sin cesar.'. Style: High-quality 3D animation (Pixar/Disney style), warm golden and brown color palette, volumetric lighting, divine atmosphere, peaceful and majestic. Wide shot, detailed background. No text, no words on image, 8k resolution, masterpiece."
acts-2-33-es.png,"A cinematic 16:9 wide-angle 3D animated scene representing the bible verse: 'Así que, levantado por la diestra de Dios, y recibiendo del Padre la promesa del Espíritu Santo, ha derramado esto que vosotros veis y oís.'. Style: High-quality 3D animation (Pixar/Disney style), warm golden and brown color palette, volumetric lighting, divine atmosphere, peaceful and majestic. Wide shot, detailed background. No text, no words on image, 8k resolution, masterpiece."
galatians-5-1-es.png,"A cinematic 16:9 wide-angle 3D animated scene representing the bible verse: 'ESTAD, pues, firmes en la libertad con que Cristo nos hizo libres, y no volváis otra vez á ser presos en el yugo de servidumbre.'. Style: High-quality 3D animation (Pixar/Disney style), warm golden and brown color palette, volumetric lighting, divine atmosphere, peaceful and majestic. Wide shot, detailed background. No text, no words on image, 8k resolution, masterpiece."
2-corinthians-5-7-es.png,"A cinematic 16:9 wide-angle 3D animated scene representing the bible verse: '(Porque por fe andamos, no por vista;)'. Style: High-quality 3D animation (Pixar/Disney style), warm golden and brown color palette, volumetric lighting, divine atmosphere, peaceful and majestic. Wide shot, detailed background. No text, no words on image, 8k resolution, masterpiece."
1-corinthians-10-24-es.png,"A cinematic 16:9 wide-angle 3D animated scene representing the bible verse: 'Ninguno busque su propio bien, sino el del otro.'. Style: High-quality 3D animation (Pixar/Disney style), warm golden and brown color palette, volumetric lighting, divine atmosphere, peaceful and majestic. Wide shot, detailed background. No text, no words on image, 8k resolution, masterpiece."
colossians-3-23-24-es.png,"A cinematic 16:9 wide-angle 3D animated scene representing the bible verse: 'Y todo lo que hagáis, hacedlo de ánimo, como al Señor, y no á los hombres; Sabiendo que del Señor recibiréis la compensación de la herencia: porque al Señor Cristo servís.'. Style: High-quality 3D animation (Pixar/Disney style), warm golden and brown color palette, volumetric lighting, divine atmosphere, peaceful and majestic. Wide shot, detailed background. No text, no words on image, 8k resolution, masterpiece."
philippians-4-19-es.png,"A cinematic 16:9 wide-angle 3D animated scene representing the bible verse: 'Mi Dios, pues, suplirá todo lo que os falta conforme á sus riquezas en gloria en Cristo Jesús.'. Style: High-quality 3D animation (Pixar/Disney style), warm golden and brown color palette, volumetric lighting, divine atmosphere, peaceful and majestic. Wide shot, detailed background. No text, no words on image, 8k resolution, masterpiece."
hebrews-4-12-es.png,"A cinematic 16:9 wide-angle 3D animated scene representing the bible verse: 'Porque la palabra de Dios es viva y eficaz, y más penetrante que toda espada de dos filos: y que alcanza hasta partir el alma, y aun el espíritu, y las coyunturas y tuétanos, y discierne los pensamientos y las intenciones del corazón.'. Style: High-quality 3D animation (Pixar/Disney style), warm golden and brown color palette, volumetric lighting, divine atmosphere, peaceful and majestic. Wide shot, detailed background. No text, no words on image, 8k resolution, masterpiece."
proverbs-22-6-es.png,"A cinematic 16:9 wide-angle 3D animated scene representing the bible verse: 'Instruye al niño en su carrera: Aun cuando fuere viejo no se apartará de ella.'. Style: High-quality 3D animation (Pixar/Disney style), warm golden and brown color palette, volumetric lighting, divine atmosphere, peaceful and majestic. Wide shot, detailed background. No text, no words on image, 8k resolution, masterpiece."
2-corinthians-5-1-es.png,"A cinematic 16:9 wide-angle 3D animated scene representing the bible verse: 'PORQUE sabemos, que si la casa terrestre de nuestra habitación se deshiciere, tenemos de Dios un edificio, una casa no hecha de manos, eterna en los cielos.'. Style: High-quality 3D animation (Pixar/Disney style), warm golden and brown color palette, volumetric lighting, divine atmosphere, peaceful and majestic. Wide shot, detailed background. No text, no words on image, 8k resolution, masterpiece."
1-corinthians-13-6-7-es.png,"A cinematic 16:9 wide-angle 3D animated scene representing the bible verse: 'No se huelga de la injusticia, mas se huelga de la verdad; Todo lo sufre, todo lo cree, todo lo espera, todo lo soporta.'. Style: High-quality 3D animation (Pixar/Disney style), warm golden and brown color palette, volumetric lighting, divine atmosphere, peaceful and majestic. Wide shot, detailed background. No text, no words on image, 8k resolution, masterpiece."
acts-20-20-es.png,"A cinematic 16:9 wide-angle 3D animated scene representing the bible verse: 'Cómo nada que fuese útil he rehuído de anunciaros y enseñaros, públicamente y por las casas,'. Style: High-quality 3D animation (Pixar/Disney style), warm golden and brown color palette, volumetric lighting, divine atmosphere, peaceful and majestic. Wide shot, detailed background. No text, no words on image, 8k resolution, masterpiece."
lamentations-3-22-23-es.png,"A cinematic 16:9 wide-angle 3D animated scene representing the bible verse: 'Es por la misericordia de Jehová que no somos consumidos, porque nunca decayeron sus misericordias. Nuevas son cada mañana; grande es tu fidelidad.'. Style: High-quality 3D animation (Pixar/Disney style), warm golden and brown color palette, volumetric lighting, divine atmosphere, peaceful and majestic. Wide shot, detailed background. No text, no words on image, 8k resolution, masterpiece."
acts-26-22-23-es.png,"A cinematic 16:9 wide-angle 3D animated scene representing the bible verse: 'Mas ayudado del auxilio de Dios, persevero hasta el día de hoy, dando testimonio á pequeños y á grandes, no diciendo nada fuera de las cosas que los profetas y Moisés dijeron que habían de venir: Que Cristo había de padecer, y ser el primero de la resurrección de los muertos, para anunciar luz al pueblo y á los Gentiles.'. Style: High-quality 3D animation (Pixar/Disney style), warm golden and brown color palette, volumetric lighting, divine atmosphere, peaceful and majestic. Wide shot, detailed background. No text, no words on image, 8k resolution, masterpiece."
hebrews-13-8-es.png,"A cinematic 16:9 wide-angle 3D animated scene representing the bible verse: 'Jesucristo es el mismo ayer, y hoy, y por los siglos.'. Style: High-quality 3D animation (Pixar/Disney style), warm golden and brown color palette, volumetric lighting, divine atmosphere, peaceful and majestic. Wide shot, detailed background. No text, no words on image, 8k resolution, masterpiece."
2-corinthians-3-18-es.png,"A cinematic 16:9 wide-angle 3D animated scene representing the bible verse: 'Por tanto, nosotros todos, mirando á cara descubierta como en un espejo la gloria del Señor, somos transformados de gloria en gloria en la misma semejanza, como por el Espíritu del Señor.'. Style: High-quality 3D animation (Pixar/Disney style), warm golden and brown color palette, volumetric lighting, divine atmosphere, peaceful and majestic. Wide shot, detailed background. No text, no words on image, 8k resolution, masterpiece."
2-corinthians-5-21-es.png,"A cinematic 16:9 wide-angle 3D animated scene representing the bible verse: 'Al que no conoció pecado, hizo pecado por nosotros, para que nosotros fuésemos hechos justicia de Dios en él.'. Style: High-quality 3D animation (Pixar/Disney style), warm golden and brown color palette, volumetric lighting, divine atmosphere, peaceful and majestic. Wide shot, detailed background. No text, no words on image, 8k resolution, masterpiece."
1-corinthians-15-56-es.png,"A cinematic 16:9 wide-angle 3D animated scene representing the bible verse: 'Ya que el aguijón de la muerte es el pecado, y la potencia del pecado, la ley.'. Style: High-quality 3D animation (Pixar/Disney style), warm golden and brown color palette, volumetric lighting, divine atmosphere, peaceful and majestic. Wide shot, detailed background. No text, no words on image, 8k resolution, masterpiece."
1-corinthians-6-12-es.png,"A cinematic 16:9 wide-angle 3D animated scene representing the bible verse: 'Todas las cosas me son lícitas, mas no todas convienen: todas las cosas me son lícitas, mas yo no me meteré debajo de potestad de nada.'. Style: High-quality 3D animation (Pixar/Disney style), warm golden and brown color palette, volumetric lighting, divine atmosphere, peaceful and majestic. Wide shot, detailed background. No text, no words on image, 8k resolution, masterpiece."
1-corinthians-13-4-5-es.png,"A cinematic 16:9 wide-angle 3D animated scene representing the bible verse: 'La caridad es sufrida, es benigna; la caridad no tiene envidia, la caridad no hace sinrazón, no se ensancha; No es injuriosa, no busca lo suyo, no se irrita, no piensa el mal;'. Style: High-quality 3D animation (Pixar/Disney style), warm golden and brown color palette, volumetric lighting, divine atmosphere, peaceful and majestic. Wide shot, detailed background. No text, no words on image, 8k resolution, masterpiece."
hebrews-11-1-es.png,"A cinematic 16:9 wide-angle 3D animated scene representing the bible verse: 'ES pues la fe la sustancia de las cosas que se esperan, la demostración de las cosas que no se ven.'. Style: High-quality 3D animation (Pixar/Disney style), warm golden and brown color palette, volumetric lighting, divine atmosphere, peaceful and majestic. Wide shot, detailed background. No text, no words on image, 8k resolution, masterpiece."
acts-1-9-es.png,"A cinematic 16:9 wide-angle 3D animated scene representing the bible verse: 'Y habiendo dicho estas cosas, viéndo lo ellos, fué alzado; y una nube le recibió y le quitó de sus ojos.'. Style: High-quality 3D animation (Pixar/Disney style), warm golden and brown color palette, volumetric lighting, divine atmosphere, peaceful and majestic. Wide shot, detailed background. No text, no words on image, 8k resolution, masterpiece."
1-corinthians-10-23-es.png,"A cinematic 16:9 wide-angle 3D animated scene representing the bible verse: 'Todo me es lícito, mas no todo conviene: todo me es lícito, mas no todo edifica.'. Style: High-quality 3D animation (Pixar/Disney style), warm golden and brown color palette, volumetric lighting, divine atmosphere, peaceful and majestic. Wide shot, detailed background. No text, no words on image, 8k resolution, masterpiece."
psalms-118-24-es.png,"A cinematic 16:9 wide-angle 3D animated scene representing the bible verse: 'Este es el día que hizo Jehová Nos gozaremos y alegraremos en él.'. Style: High-quality 3D animation (Pixar/Disney style), warm golden and brown color palette, volumetric lighting, divine atmosphere, peaceful and majestic. Wide shot, detailed background. No text, no words on image, 8k resolution, masterpiece."
acts-2-38-es.png,"A cinematic 16:9 wide-angle 3D animated scene representing the bible verse: 'Y Pedro les dice: Arrepentíos, y bautícese cada uno de vosotros en el nombre de Jesucristo para perdón de los pecados; y recibiréis el don del Espíritu Santo.'. Style: High-quality 3D animation (Pixar/Disney style), warm golden and brown color palette, volumetric lighting, divine atmosphere, peaceful and majestic. Wide shot, detailed background. No text, no words on image, 8k resolution, masterpiece."
acts-2-46-47-es.png,"A cinematic 16:9 wide-angle 3D animated scene representing the bible verse: 'Y perseverando unánimes cada día en el templo, y partiendo el pan en las casas, comían juntos con alegría y con sencillez de corazón, Alabando á Dios, y teniendo gracia con todo el pueblo. Y el Señor añadía cada día á la iglesia los que habían de ser salvos.'. Style: High-quality 3D animation (Pixar/Disney style), warm golden and brown color palette, volumetric lighting, divine atmosphere, peaceful and majestic. Wide shot, detailed background. No text, no words on image, 8k resolution, masterpiece."
deuteronomy-30-16-es.png,"A cinematic 16:9 wide-angle 3D animated scene representing the bible verse: 'Porque yo te mando hoy que ames á Jehová tu Dios, que andes en sus caminos, y guardes sus mandamientos y sus estatutos y sus derechos, para que vivas y seas multiplicado, y Jehová tu Dios te bendiga en la tierra á la cual entras para poseerla.'. Style: High-quality 3D animation (Pixar/Disney style), warm golden and brown color palette, volumetric lighting, divine atmosphere, peaceful and majestic. Wide shot, detailed background. No text, no words on image, 8k resolution, masterpiece."
colossians-3-5-es.png,"A cinematic 16:9 wide-angle 3D animated scene representing the bible verse: 'Amortiguad, pues, vuestros miembros que están sobre la tierra: fornicación, inmundicia, molicie, mala concupiscencia, y avaricia, que es idolatría:'. Style: High-quality 3D animation (Pixar/Disney style), warm golden and brown color palette, volumetric lighting, divine atmosphere, peaceful and majestic. Wide shot, detailed background. No text, no words on image, 8k resolution, masterpiece."
1-corinthians-15-3-4-es.png,"A cinematic 16:9 wide-angle 3D animated scene representing the bible verse: 'Porque primeramente os he enseñado lo que asimismo recibí: Que Cristo fué muerto por nuestros pecados conforme á las Escrituras; Y que fué sepultado, y que resucitó al tercer día, conforme á las Escrituras;'. Style: High-quality 3D animation (Pixar/Disney style), warm golden and brown color palette, volumetric lighting, divine atmosphere, peaceful and majestic. Wide shot, detailed background. No text, no words on image, 8k resolution, masterpiece."
2-corinthians-9-10-es.png,"A cinematic 16:9 wide-angle 3D animated scene representing the bible verse: 'Y el que da simiente al que siembra, también dará pan para comer, y multiplicará vuestra sementera, y aumentará los crecimientos de los frutos de vuestra justicia;'. Style: High-quality 3D animation (Pixar/Disney style), warm golden and brown color palette, volumetric lighting, divine atmosphere, peaceful and majestic. Wide shot, detailed background. No text, no words on image, 8k resolution, masterpiece."
deuteronomy-5-11-es.png,"A cinematic 16:9 wide-angle 3D animated scene representing the bible verse: 'No tomarás en vano el nombre de Jehová tu Dios; porque Jehová no dará por inocente al que tomare en vano su nombre.'. Style: High-quality 3D animation (Pixar/Disney style), warm golden and brown color palette, volumetric lighting, divine atmosphere, peaceful and majestic. Wide shot, detailed background. No text, no words on image, 8k resolution, masterpiece."
colossians-2-9-10-es.png,"A cinematic 16:9 wide-angle 3D animated scene representing the bible verse: 'Porque en él habita toda la plenitud de la divinidad corporalmente: Y en él estáis cumplidos, el cual es la cabeza de todo principado y potestad:'. Style: High-quality 3D animation (Pixar/Disney style), warm golden and brown color palette, volumetric lighting, divine atmosphere, peaceful and majestic. Wide shot, detailed background. No text, no words on image, 8k resolution, masterpiece."
1-corinthians-15-22-es.png,"A cinematic 16:9 wide-angle 3D animated scene representing the bible verse: 'Porque así como en Adam todos mueren, así también en Cristo todos serán vivificados.'. Style: High-quality 3D animation (Pixar/Disney style), warm golden and brown color palette, volumetric lighting, divine atmosphere, peaceful and majestic. Wide shot, detailed background. No text, no words on image, 8k resolution, masterpiece."
romans-8-1-es.png,"A cinematic 16:9 wide-angle 3D animated scene representing the bible verse: 'AHORA pues, ninguna condenación hay para los que están en Cristo Jesús, los que no andan conforme á la carne, mas conforme al espíritu.'. Style: High-quality 3D animation (Pixar/Disney style), warm golden and brown color palette, volumetric lighting, divine atmosphere, peaceful and majestic. Wide shot, detailed background. No text, no words on image, 8k resolution, masterpiece."
psalms-34-8-es.png,"A cinematic 16:9 wide-angle 3D animated scene representing the bible verse: 'Gustad, y ved que es bueno Jehová: Dichoso el hombre que confiará en él.'. Style: High-quality 3D animation (Pixar/Disney style), warm golden and brown color palette, volumetric lighting, divine atmosphere, peaceful and majestic. Wide shot, detailed background. No text, no words on image, 8k resolution, masterpiece."
colossians-3-13-es.png,"A cinematic 16:9 wide-angle 3D animated scene representing the bible verse: 'Sufriéndoos los unos á los otros, y perdonándoos los unos á los otros si alguno tuviere queja del otro: de la manera que Crito os perdonó, así también hacedlo vosotros.'. Style: High-quality 3D animation (Pixar/Disney style), warm golden and brown color palette, volumetric lighting, divine atmosphere, peaceful and majestic. Wide shot, detailed background. No text, no words on image, 8k resolution, masterpiece."
colossians-3-15-es.png,"A cinematic 16:9 wide-angle 3D animated scene representing the bible verse: 'Y la paz de Dios gobierne en vuestros corazones, á la cual asimismo sois llamados en un cuerpo; y sed agradecidos.'. Style: High-quality 3D animation (Pixar/Disney style), warm golden and brown color palette, volumetric lighting, divine atmosphere, peaceful and majestic. Wide shot, detailed background. No text, no words on image, 8k resolution, masterpiece."
1-corinthians-3-17-es.png,"A cinematic 16:9 wide-angle 3D animated scene representing the bible verse: 'Si alguno violare el templo de Dios, Dios destruirá al tal: porque el templo de Dios, el cual sois vosotros, santo es.'. Style: High-quality 3D animation (Pixar/Disney style), warm golden and brown color palette, volumetric lighting, divine atmosphere, peaceful and majestic. Wide shot, detailed background. No text, no words on image, 8k resolution, masterpiece."
2-corinthians-13-14-es.png,"A cinematic 16:9 wide-angle 3D animated scene representing the bible verse: '(13-13) La gracia del Señor Jesucristo, y el amor de Dios, y la participación del Espíritu Santo sea con vosotros todos. Amén. Epístola á los Corintios fué enviada de Filipos de Macedonia con Tito y Lucas.'. Style: High-quality 3D animation (Pixar/Disney style), warm golden and brown color palette, volumetric lighting, divine atmosphere, peaceful and majestic. Wide shot, detailed background. No text, no words on image, 8k resolution, masterpiece."
1-corinthians-2-2-es.png,"A cinematic 16:9 wide-angle 3D animated scene representing the bible verse: 'Porque no me propuse saber algo entre vosotros, sino á Jesucristo, y á éste crucificado.'. Style: High-quality 3D animation (Pixar/Disney style), warm golden and brown color palette, volumetric lighting, divine atmosphere, peaceful and majestic. Wide shot, detailed background. No text, no words on image, 8k resolution, masterpiece."
colossians-1-13-14-es.png,"A cinematic 16:9 wide-angle 3D animated scene representing the bible verse: 'Que nos ha librado de la potestad de las tinieblas, y trasladado al reino de su amado Hijo; En el cual tenemos redención por su sangre, la remisión de pecados:'. Style: High-quality 3D animation (Pixar/Disney style), warm golden and brown color palette, volumetric lighting, divine atmosphere, peaceful and majestic. Wide shot, detailed background. No text, no words on image, 8k resolution, masterpiece."
john-14-6-es.png,"A cinematic 16:9 wide-angle 3D animated scene representing the bible verse: 'Jesús le dice: Yo soy el camino, y la verdad, y la vida: nadie viene al Padre, sino por mí.'. Style: High-quality 3D animation (Pixar/Disney style), warm golden and brown color palette, volumetric lighting, divine atmosphere, peaceful and majestic. Wide shot, detailed background. No text, no words on image, 8k resolution, masterpiece."
colossians-4-5-6-es.png,"A cinematic 16:9 wide-angle 3D animated scene representing the bible verse: 'Andad en sabiduría para con los extraños, redimiendo el tiempo. Sea vuestra palabra siempre con gracia, sazonada con sal; para que sepáis cómo os conviene responder á cada uno.'. Style: High-quality 3D animation (Pixar/Disney style), warm golden and brown color palette, volumetric lighting, divine atmosphere, peaceful and majestic. Wide shot, detailed background. No text, no words on image, 8k resolution, masterpiece."
deuteronomy-32-2-es.png,"A cinematic 16:9 wide-angle 3D animated scene representing the bible verse: 'Goteará como la lluvia mi doctrina; Destilará como el rocío mi razonamiento; Como la llovizna sobre la grama, Y como las gotas sobre la hierba:'. Style: High-quality 3D animation (Pixar/Disney style), warm golden and brown color palette, volumetric lighting, divine atmosphere, peaceful and majestic. Wide shot, detailed background. No text, no words on image, 8k resolution, masterpiece."
1-corinthians-3-18-es.png,"A cinematic 16:9 wide-angle 3D animated scene representing the bible verse: 'Nadie se engañe á sí mismo: si alguno entre vosotros parece ser sabio en este siglo, hágase simple, para ser sabio.'. Style: High-quality 3D animation (Pixar/Disney style), warm golden and brown color palette, volumetric lighting, divine atmosphere, peaceful and majestic. Wide shot, detailed background. No text, no words on image, 8k resolution, masterpiece."
acts-12-5-es.png,"A cinematic 16:9 wide-angle 3D animated scene representing the bible verse: 'Así que, Pedro era guardado en la cárcel; y la iglesia hacía sin cesar oración á Dios por él.'. Style: High-quality 3D animation (Pixar/Disney style), warm golden and brown color palette, volumetric lighting, divine atmosphere, peaceful and majestic. Wide shot, detailed background. No text, no words on image, 8k resolution, masterpiece."
deuteronomy-8-6-es.png,"A cinematic 16:9 wide-angle 3D animated scene representing the bible verse: 'Guardarás, pues, los mandamientos de Jehová tu Dios, andando en sus caminos, y temiéndolo.'. Style: High-quality 3D animation (Pixar/Disney style), warm golden and brown color palette, volumetric lighting, divine atmosphere, peaceful and majestic. Wide shot, detailed background. No text, no words on image, 8k resolution, masterpiece."
acts-2-3-4-es.png,"A cinematic 16:9 wide-angle 3D animated scene representing the bible verse: 'Y se les aparecieron lenguas repartidas, como de fuego, que se asentó sobre cada uno de ellos. Y fueron todos llenos del Espíritu Santo, y comenzaron á hablar en otras lenguas, como el Espíritu les daba que hablasen.'. Style: High-quality 3D animation (Pixar/Disney style), warm golden and brown color palette, volumetric lighting, divine atmosphere, peaceful and majestic. Wide shot, detailed background. No text, no words on image, 8k resolution, masterpiece."
genesis-1-1-es.png,"A cinematic 16:9 wide-angle 3D animated scene representing the bible verse: 'EN el principio crió Dios los cielos y la tierra.'. Style: High-quality 3D animation (Pixar/Disney style), warm golden and brown color palette, volumetric lighting, divine atmosphere, peaceful and majestic. Wide shot, detailed background. No text, no words on image, 8k resolution, masterpiece."
acts-13-2-es.png,"A cinematic 16:9 wide-angle 3D animated scene representing the bible verse: 'Ministrando pues éstos al Señor, y ayunando, dijo el Espíritu Santo: Apartadme á Bernabé y á Saulo para la obra para la cual los he llamado.'. Style: High-quality 3D animation (Pixar/Disney style), warm golden and brown color palette, volumetric lighting, divine atmosphere, peaceful and majestic. Wide shot, detailed background. No text, no words on image, 8k resolution, masterpiece."
john-1-1-es.png,"A cinematic 16:9 wide-angle 3D animated scene representing the bible verse: 'EN el principio era el Verbo, y el Verbo era con Dios, y el Verbo era Dios.'. Style: High-quality 3D animation (Pixar/Disney style), warm golden and brown color palette, volumetric lighting, divine atmosphere, peaceful and majestic. Wide shot, detailed background. No text, no words on image, 8k resolution, masterpiece."
1-corinthians-7-5-es.png,"A cinematic 16:9 wide-angle 3D animated scene representing the bible verse: 'No os defraudéis el uno al otro, á no ser por algún tiempo de mutuo consentimiento, para ocuparos en la oración: y volved á juntaros en uno, porque no os tiente Satanás á causa de vuestra incontinencia.'. Style: High-quality 3D animation (Pixar/Disney style), warm golden and brown color palette, volumetric lighting, divine atmosphere, peaceful and majestic. Wide shot, detailed background. No text, no words on image, 8k resolution, masterpiece."
1-corinthians-12-12-es.png,"A cinematic 16:9 wide-angle 3D animated scene representing the bible verse: 'Porque de la manera que el cuerpo es uno, y tiene muchos miembros, empero todos los miembros del cuerpo, siendo muchos, son un cuerpo, así también Cristo.'. Style: High-quality 3D animation (Pixar/Disney style), warm golden and brown color palette, volumetric lighting, divine atmosphere, peaceful and majestic. Wide shot, detailed background. No text, no words on image, 8k resolution, masterpiece."
colossians-2-2-es.png,"A cinematic 16:9 wide-angle 3D animated scene representing the bible verse: 'Para que sean confortados sus corazones, unidos en amor, y en todas riquezas de cumplido entendimiento para conocer el misterio de Dios, y del Padre, y de Cristo;'. Style: High-quality 3D animation (Pixar/Disney style), warm golden and brown color palette, volumetric lighting, divine atmosphere, peaceful and majestic. Wide shot, detailed background. No text, no words on image, 8k resolution, masterpiece."
2-corinthians-9-7-es.png,"A cinematic 16:9 wide-angle 3D animated scene representing the bible verse: 'Cada uno dé como propuso en su corazón: no con tristeza, ó por necesidad; porque Dios ama el dador alegre.'. Style: High-quality 3D animation (Pixar/Disney style), warm golden and brown color palette, volumetric lighting, divine atmosphere, peaceful and majestic. Wide shot, detailed background. No text, no words on image, 8k resolution, masterpiece."
1-corinthians-2-10-es.png,"A cinematic 16:9 wide-angle 3D animated scene representing the bible verse: 'Empero Dios nos lo reveló á nosotros por el Espíritu: porque el Espíritu todo lo escudriña, aun lo profundo de Dios.'. Style: High-quality 3D animation (Pixar/Disney style), warm golden and brown color palette, volumetric lighting, divine atmosphere, peaceful and majestic. Wide shot, detailed background. No text, no words on image, 8k resolution, masterpiece."
2-corinthians-10-3-es.png,"A cinematic 16:9 wide-angle 3D animated scene representing the bible verse: 'Pues aunque andamos en la carne, no militamos según la carne.'. Style: High-quality 3D animation (Pixar/Disney style), warm golden and brown color palette, volumetric lighting, divine atmosphere, peaceful and majestic. Wide shot, detailed background. No text, no words on image, 8k resolution, masterpiece."
1-corinthians-10-3-es.png,"A cinematic 16:9 wide-angle 3D animated scene representing the bible verse: 'Y todos comieron la misma vianda espiritual;'. Style: High-quality 3D animation (Pixar/Disney style), warm golden and brown color palette, volumetric lighting, divine atmosphere, peaceful and majestic. Wide shot, detailed background. No text, no words on image, 8k resolution, masterpiece."
1-corinthians-13-1-es.png,"A cinematic 16:9 wide-angle 3D animated scene representing the bible verse: 'SI yo hablase lenguas humanas y angélicas, y no tengo caridad, vengo á ser como metal que resuena, ó címbalo que retiñe.'. Style: High-quality 3D animation (Pixar/Disney style), warm golden and brown color palette, volumetric lighting, divine atmosphere, peaceful and majestic. Wide shot, detailed background. No text, no words on image, 8k resolution, masterpiece."
acts-11-15-es.png,"A cinematic 16:9 wide-angle 3D animated scene representing the bible verse: 'Y como comencé á hablar, cayó el Espíritu Santo sobre ellos también, como sobre nosotros al principio.'. Style: High-quality 3D animation (Pixar/Disney style), warm golden and brown color palette, volumetric lighting, divine atmosphere, peaceful and majestic. Wide shot, detailed background. No text, no words on image, 8k resolution, masterpiece."
james-1-22-es.png,"A cinematic 16:9 wide-angle 3D animated scene representing the bible verse: 'Mas sed hacedores de la palabra, y no tan solamente oidores, engañándoos á vosotros mismos.'. Style: High-quality 3D animation (Pixar/Disney style), warm golden and brown color palette, volumetric lighting, divine atmosphere, peaceful and majestic. Wide shot, detailed background. No text, no words on image, 8k resolution, masterpiece."
psalms-33-12-es.png,"A cinematic 16:9 wide-angle 3D animated scene representing the bible verse: 'Bienaventurada la gente de que Jehová es su Dios; El pueblo á quien escogió por heredad para sí.'. Style: High-quality 3D animation (Pixar/Disney style), warm golden and brown color palette, volumetric lighting, divine atmosphere, peaceful and majestic. Wide shot, detailed background. No text, no words on image, 8k resolution, masterpiece."
psalms-107-1-es.png,"A cinematic 16:9 wide-angle 3D animated scene representing the bible verse: 'ALABAD á Jehová, porque es bueno; Porque para siempre es su misericordia.'. Style: High-quality 3D animation (Pixar/Disney style), warm golden and brown color palette, volumetric lighting, divine atmosphere, peaceful and majestic. Wide shot, detailed background. No text, no words on image, 8k resolution, masterpiece."
luke-2-10-11-es.png,"A cinematic 16:9 wide-angle 3D animated scene representing the bible verse: 'Mas el ángel les dijo: No temáis; porque he aquí os doy nuevas de gran gozo, que será para todo el pueblo: Que os ha nacido hoy, en la ciudad de David, un Salvador, que es CRISTO el Señor.'. Style: High-quality 3D animation (Pixar/Disney style), warm golden and brown color palette, volumetric lighting, divine atmosphere, peaceful and majestic. Wide shot, detailed background. No text, no words on image, 8k resolution, masterpiece."
psalms-90-12-es.png,"A cinematic 16:9 wide-angle 3D animated scene representing the bible verse: 'Enséñanos de tal modo á contar nuestros días, Que traigamos al corazón sabiduría.'. Style: High-quality 3D animation (Pixar/Disney style), warm golden and brown color palette, volumetric lighting, divine atmosphere, peaceful and majestic. Wide shot, detailed background. No text, no words on image, 8k resolution, masterpiece."
psalms-23-1-es.png,"A cinematic 16:9 wide-angle 3D animated scene representing the bible verse: 'JEHOVA es mi pastor; nada me faltará.'. Style: High-quality 3D animation (Pixar/Disney style), warm golden and brown color palette, volumetric lighting, divine atmosphere, peaceful and majestic. Wide shot, detailed background. No text, no words on image, 8k resolution, masterpiece."
jeremiah-29-11-es.png,"A cinematic 16:9 wide-angle 3D animated scene representing the bible verse: 'Porque yo sé los pensamientos que tengo acerca de vosotros, dice Jehová, pensamientos de paz, y no de mal, para daros el fin que esperáis.'. Style: High-quality 3D animation (Pixar/Disney style), warm golden and brown color palette, volumetric lighting, divine atmosphere, peaceful and majestic. Wide shot, detailed background. No text, no words on image, 8k resolution, masterpiece."
john-3-16-es.png,"A cinematic 16:9 wide-angle 3D animated scene representing the bible verse: 'Porque de tal manera amó Dios al mundo, que ha dado á su Hijo unigénito, para que todo aquel que en él cree, no se pierda, mas tenga vida eterna.'. Style: High-quality 3D animation (Pixar/Disney style), warm golden and brown color palette, volumetric lighting, divine atmosphere, peaceful and majestic. Wide shot, detailed background. No text, no words on image, 8k resolution, masterpiece."
romans-8-28-es.png,"A cinematic 16:9 wide-angle 3D animated scene representing the bible verse: 'Y sabemos que á los que á Dios aman, todas las cosas les ayudan á bien, es á saber, á los que conforme al propósito son llamados.'. Style: High-quality 3D animation (Pixar/Disney style), warm golden and brown color palette, volumetric lighting, divine atmosphere, peaceful and majestic. Wide shot, detailed background. No text, no words on image, 8k resolution, masterpiece."
joshua-1-9-es.png,"A cinematic 16:9 wide-angle 3D animated scene representing the bible verse: 'Mira que te mando que te esfuerces y seas valiente: no temas ni desmayes, porque Jehová tu Dios será contigo en donde quiera que fueres.'. Style: High-quality 3D animation (Pixar/Disney style), warm golden and brown color palette, volumetric lighting, divine atmosphere, peaceful and majestic. Wide shot, detailed background. No text, no words on image, 8k resolution, masterpiece."
philippians-4-6-7-es.png,"A cinematic 16:9 wide-angle 3D animated scene representing the bible verse: 'Por nada estéis afanosos; sino sean notorias vuestras peticiones delante de Dios en toda oración y ruego, con hacimiento de gracias. Y la paz de Dios, que sobrepuja todo entendimiento, guardará vuestros corazones y vuestros entendimientos en Cristo Jesús.'. Style: High-quality 3D animation (Pixar/Disney style), warm golden and brown color palette, volumetric lighting, divine atmosphere, peaceful and majestic. Wide shot, detailed background. No text, no words on image, 8k resolution, masterpiece."
colossians-3-23-es.png,"A cinematic 16:9 wide-angle 3D animated scene representing the bible verse: 'Y todo lo que hagáis, hacedlo de ánimo, como al Señor, y no á los hombres;'. Style: High-quality 3D animation (Pixar/Disney style), warm golden and brown color palette, volumetric lighting, divine atmosphere, peaceful and majestic. Wide shot, detailed background. No text, no words on image, 8k resolution, masterpiece."
matthew-28-19-20-es.png,"A cinematic 16:9 wide-angle 3D animated scene representing the bible verse: 'Por tanto, id, y doctrinad á todos los Gentiles, bautizándolos en el nombre del Padre, y del Hijo, y del Espíritu Santo: Enseñándoles que guarden todas las cosas que os he mandado: y he aquí, yo estoy con vosotros todos los días, hasta el fin del mundo. Amén.'. Style: High-quality 3D animation (Pixar/Disney style), warm golden and brown color palette, volumetric lighting, divine atmosphere, peaceful and majestic. Wide shot, detailed background. No text, no words on image, 8k resolution, masterpiece."
luke-2-11-es.png,"A cinematic 16:9 wide-angle 3D animated scene representing the bible verse: 'Que os ha nacido hoy, en la ciudad de David, un Salvador, que es CRISTO el Señor.'. Style: High-quality 3D animation (Pixar/Disney style), warm golden and brown color palette, volumetric lighting, divine atmosphere, peaceful and majestic. Wide shot, detailed background. No text, no words on image, 8k resolution, masterpiece."
micah-6-8-es.png,"A cinematic 16:9 wide-angle 3D animated scene representing the bible verse: 'Oh hombre, él te ha declarado qué sea lo bueno, y qué pida de ti Jehová: solamente hacer juicio, y amar misericordia, y humillarte para andar con tu Dios.'. Style: High-quality 3D animation (Pixar/Disney style), warm golden and brown color palette, volumetric lighting, divine atmosphere, peaceful and majestic. Wide shot, detailed background. No text, no words on image, 8k resolution, masterpiece."
zephaniah-3-17-es.png,"A cinematic 16:9 wide-angle 3D animated scene representing the bible verse: 'Jehová en medio de ti, poderoso, él salvará; gozaráse sobre ti con alegría, callará de amor, se regocijará sobre ti con cantar.'. Style: High-quality 3D animation (Pixar/Disney style), warm golden and brown color palette, volumetric lighting, divine atmosphere, peaceful and majestic. Wide shot, detailed background. No text, no words on image, 8k resolution, masterpiece."
1-thessalonians-5-16-18-es.png,"A cinematic 16:9 wide-angle 3D animated scene representing the bible verse: 'Estad siempre gozosos. Orad sin cesar. Dad gracias en todo; porque esta es la voluntad de Dios para con vosotros en Cristo Jesús.'. Style: High-quality 3D animation (Pixar/Disney style), warm golden and brown color palette, volumetric lighting, divine atmosphere, peaceful and majestic. Wide shot, detailed background. No text, no words on image, 8k resolution, masterpiece."
james-1-2-3-es.png,"A cinematic 16:9 wide-angle 3D animated scene representing the bible verse: 'Hermanos míos, tened por sumo gozo cuando cayereis en diversas tentaciones; Sabiendo que la prueba de vuestra fe obra paciencia.'. Style: High-quality 3D animation (Pixar/Disney style), warm golden and brown color palette, volumetric lighting, divine atmosphere, peaceful and majestic. Wide shot, detailed background. No text, no words on image, 8k resolution, masterpiece."
proverbs-17-17-es.png,"A cinematic 16:9 wide-angle 3D animated scene representing the bible verse: 'En todo tiempo ama el amigo; Y el hermano para la angustia es nacido.'. Style: High-quality 3D animation (Pixar/Disney style), warm golden and brown color palette, volumetric lighting, divine atmosphere, peaceful and majestic. Wide shot, detailed background. No text, no words on image, 8k resolution, masterpiece."
romans-8-31-es.png,"A cinematic 16:9 wide-angle 3D animated scene representing the bible verse: '¿Pues qué diremos á esto? Si Dios por nosotros, ¿quién contra nosotros?'. Style: High-quality 3D animation (Pixar/Disney style), warm golden and brown color palette, volumetric lighting, divine atmosphere, peaceful and majestic. Wide shot, detailed background. No text, no words on image, 8k resolution, masterpiece."
psalms-37-4-es.png,"A cinematic 16:9 wide-angle 3D animated scene representing the bible verse: 'Pon asimismo tu delicia en Jehová, Y él te dará las peticiones de tu corazón.'. Style: High-quality 3D animation (Pixar/Disney style), warm golden and brown color palette, volumetric lighting, divine atmosphere, peaceful and majestic. Wide shot, detailed background. No text, no words on image, 8k resolution, masterpiece."
ephesians-6-11-es.png,"A cinematic 16:9 wide-angle 3D animated scene representing the bible verse: 'Vestíos de toda la armadura de Dios, para que podáis estar firmes contra las asechanzas del diablo.'. Style: High-quality 3D animation (Pixar/Disney style), warm golden and brown color palette, volumetric lighting, divine atmosphere, peaceful and majestic. Wide shot, detailed background. No text, no words on image, 8k resolution, masterpiece."
psalms-100-5-es.png,"A cinematic 16:9 wide-angle 3D animated scene representing the bible verse: 'Porque Jehová es bueno: para siempre es su misericordia, Y su verdad por todas las generaciones.'. Style: High-quality 3D animation (Pixar/Disney style), warm golden and brown color palette, volumetric lighting, divine atmosphere, peaceful and majestic. Wide shot, detailed background. No text, no words on image, 8k resolution, masterpiece."
1-peter-2-9-es.png,"A cinematic 16:9 wide-angle 3D animated scene representing the bible verse: 'Mas vosotros sois linaje escogido, real sacerdocio, gente santa, pueblo adquirido, para que anunciéis las virtudes de aquel que os ha llamado de las tinieblas á su luz admirable.'. Style: High-quality 3D animation (Pixar/Disney style), warm golden and brown color palette, volumetric lighting, divine atmosphere, peaceful and majestic. Wide shot, detailed background. No text, no words on image, 8k resolution, masterpiece."
john-16-33-es.png,"A cinematic 16:9 wide-angle 3D animated scene representing the bible verse: 'Estas cosas os he hablado, para que en mí tengáis paz. En el mundo tendréis aflicción: mas confiad, yo he vencido al mundo.'. Style: High-quality 3D animation (Pixar/Disney style), warm golden and brown color palette, volumetric lighting, divine atmosphere, peaceful and majestic. Wide shot, detailed background. No text, no words on image, 8k resolution, masterpiece."
psalms-139-14-es.png,"A cinematic 16:9 wide-angle 3D animated scene representing the bible verse: 'Te alabaré; porque formidables, maravillosas son tus obras: Estoy maravillado, Y mi alma lo conoce mucho.'. Style: High-quality 3D animation (Pixar/Disney style), warm golden and brown color palette, volumetric lighting, divine atmosphere, peaceful and majestic. Wide shot, detailed background. No text, no words on image, 8k resolution, masterpiece."
1-john-3-1-es.png,"A cinematic 16:9 wide-angle 3D animated scene representing the bible verse: 'MIRAD cuál amor nos ha dado el Padre, que seamos llamados hijos de Dios: por esto el mundo no nos conoce, porque no le conoce á él.'. Style: High-quality 3D animation (Pixar/Disney style), warm golden and brown color palette, volumetric lighting, divine atmosphere, peaceful and majestic. Wide shot, detailed background. No text, no words on image, 8k resolution, masterpiece."
romans-8-38-39-es.png,"A cinematic 16:9 wide-angle 3D animated scene representing the bible verse: 'Por lo cual estoy cierto que ni la muerte, ni la vida, ni ángeles, ni principados, ni potestades, ni lo presente, ni lo por venir, Ni lo alto, ni lo bajo, ni ninguna criatura nos podrá apartar del amor de Dios, que es en Cristo Jesús Señor nuestro.'. Style: High-quality 3D animation (Pixar/Disney style), warm golden and brown color palette, volumetric lighting, divine atmosphere, peaceful and majestic. Wide shot, detailed background. No text, no words on image, 8k resolution, masterpiece."
psalms-51-10-es.png,"A cinematic 16:9 wide-angle 3D animated scene representing the bible verse: 'Crea en mí, oh Dios, un corazón limpio; Y renueva un espíritu recto dentro de mí.'. Style: High-quality 3D animation (Pixar/Disney style), warm golden and brown color palette, volumetric lighting, divine atmosphere, peaceful and majestic. Wide shot, detailed background. No text, no words on image, 8k resolution, masterpiece."
matthew-22-37-39-es.png,"A cinematic 16:9 wide-angle 3D animated scene representing the bible verse: 'Y Jesús le dijo: Amarás al Señor tu Dios de todo tu corazón, y de toda tu alma, y de toda tu mente. Este es el primero y el grande mandamiento. Y el segundo es semejante á éste: Amarás á tu prójimo como á ti mismo.'. Style: High-quality 3D animation (Pixar/Disney style), warm golden and brown color palette, volumetric lighting, divine atmosphere, peaceful and majestic. Wide shot, detailed background. No text, no words on image, 8k resolution, masterpiece."
john-8-12-es.png,"A cinematic 16:9 wide-angle 3D animated scene representing the bible verse: 'Y hablóles Jesús otra vez, diciendo: Yo soy la luz del mundo: el que me sigue, no andará en tinieblas, mas tendrá la lumbre de la vida.'. Style: High-quality 3D animation (Pixar/Disney style), warm golden and brown color palette, volumetric lighting, divine atmosphere, peaceful and majestic. Wide shot, detailed background. No text, no words on image, 8k resolution, masterpiece."
psalms-103-12-es.png,"A cinematic 16:9 wide-angle 3D animated scene representing the bible verse: 'Cuanto está lejos el oriente del occidente, Hizo alejar de nosotros nuestras rebeliones.'. Style: High-quality 3D animation (Pixar/Disney style), warm golden and brown color palette, volumetric lighting, divine atmosphere, peaceful and majestic. Wide shot, detailed background. No text, no words on image, 8k resolution, masterpiece."
hebrews-12-2-es.png,"A cinematic 16:9 wide-angle 3D animated scene representing the bible verse: 'Puestos los ojos en al autor y consumador de la fe, en Jesús; el cual, habiéndole sido propuesto gozo, sufrió la cruz, menospreciando la vergüenza, y sentóse á la diestra del trono de Dios.'. Style: High-quality 3D animation (Pixar/Disney style), warm golden and brown color palette, volumetric lighting, divine atmosphere, peaceful and majestic. Wide shot, detailed background. No text, no words on image, 8k resolution, masterpiece."
psalms-1-1-2-es.png,"A cinematic 16:9 wide-angle 3D animated scene representing the bible verse: 'BIENAVENTURADO el varón que no anduvo en consejo de malos, Ni estuvo en camino de pecadores, Ni en silla de escarnecedores se ha sentado; Antes en la ley de Jehová está su delicia, Y en su ley medita de día y de noche.'. Style: High-quality 3D animation (Pixar/Disney style), warm golden and brown color palette, volumetric lighting, divine atmosphere, peaceful and majestic. Wide shot, detailed background. No text, no words on image, 8k resolution, masterpiece."
1-timothy-6-12-es.png,"A cinematic 16:9 wide-angle 3D animated scene representing the bible verse: 'Pelea la buena batalla de la fe, echa mano de la vida eterna, á la cual asimismo eres llamado, habiendo hecho buena profesión delante de muchos testigos.'. Style: High-quality 3D animation (Pixar/Disney style), warm golden and brown color palette, volumetric lighting, divine atmosphere, peaceful and majestic. Wide shot, detailed background. No text, no words on image, 8k resolution, masterpiece."
psalms-91-1-2-es.png,"A cinematic 16:9 wide-angle 3D animated scene representing the bible verse: 'EL que habita al abrigo del Altísimo, Morará bajo la sombra del Omnipotente. Diré yo á Jehová: Esperanza mía, y castillo mío; Mi Dios, en él confiaré.'. Style: High-quality 3D animation (Pixar/Disney style), warm golden and brown color palette, volumetric lighting, divine atmosphere, peaceful and majestic. Wide shot, detailed background. No text, no words on image, 8k resolution, masterpiece."
james-4-7-es.png,"A cinematic 16:9 wide-angle 3D animated scene representing the bible verse: 'Someteos pues á Dios; resistid al diablo, y de vosotros huirá.'. Style: High-quality 3D animation (Pixar/Disney style), warm golden and brown color palette, volumetric lighting, divine atmosphere, peaceful and majestic. Wide shot, detailed background. No text, no words on image, 8k resolution, masterpiece."
1-peter-5-6-es.png,"A cinematic 16:9 wide-angle 3D animated scene representing the bible verse: 'Humillaos pues bajo la poderosa mano de Dios, para que él os ensalce cuando fuere tiempo;'. Style: High-quality 3D animation (Pixar/Disney style), warm golden and brown color palette, volumetric lighting, divine atmosphere, peaceful and majestic. Wide shot, detailed background. No text, no words on image, 8k resolution, masterpiece."
romans-1-16-es.png,"A cinematic 16:9 wide-angle 3D animated scene representing the bible verse: 'Porque no me avergüenzo del evangelio: porque es potencia de Dios para salud á todo aquel que cree; al Judío primeramente y también al Griego.'. Style: High-quality 3D animation (Pixar/Disney style), warm golden and brown color palette, volumetric lighting, divine atmosphere, peaceful and majestic. Wide shot, detailed background. No text, no words on image, 8k resolution, masterpiece."
psalms-121-1-2-es.png,"A cinematic 16:9 wide-angle 3D animated scene representing the bible verse: 'ALZARÉ mis ojos á los montes, De donde vendrá mi socorro. Mi socorro viene de Jehová, Que hizo los cielos y la tierra.'. Style: High-quality 3D animation (Pixar/Disney style), warm golden and brown color palette, volumetric lighting, divine atmosphere, peaceful and majestic. Wide shot, detailed background. No text, no words on image, 8k resolution, masterpiece."
ephesians-4-32-es.png,"A cinematic 16:9 wide-angle 3D animated scene representing the bible verse: 'Antes sed los unos con los otros benignos, misericordiosos, perdónandoos los unos á los otros, como también Dios os perdonó en Cristo.'. Style: High-quality 3D animation (Pixar/Disney style), warm golden and brown color palette, volumetric lighting, divine atmosphere, peaceful and majestic. Wide shot, detailed background. No text, no words on image, 8k resolution, masterpiece."
philippians-1-6-es.png,"A cinematic 16:9 wide-angle 3D animated scene representing the bible verse: 'Estando confiado de esto, que el que comenzó en vosotros la buena obra, la perfeccionará hasta el día de Jesucristo;'. Style: High-quality 3D animation (Pixar/Disney style), warm golden and brown color palette, volumetric lighting, divine atmosphere, peaceful and majestic. Wide shot, detailed background. No text, no words on image, 8k resolution, masterpiece."
psalms-8-9-es.png,"A cinematic 16:9 wide-angle 3D animated scene representing the bible verse: 'Oh Jehová, Señor nuestro, ¡Cuán grande es tu nombre en toda la tierra!'. Style: High-quality 3D animation (Pixar/Disney style), warm golden and brown color palette, volumetric lighting, divine atmosphere, peaceful and majestic. Wide shot, detailed background. No text, no words on image, 8k resolution, masterpiece."
john-15-5-es.png,"A cinematic 16:9 wide-angle 3D animated scene representing the bible verse: 'Yo soy la vid, vosotros los pámpanos: el que está en mí, y yo en él, éste lleva mucho fruto; porque sin mí nada podéis hacer.'. Style: High-quality 3D animation (Pixar/Disney style), warm golden and brown color palette, volumetric lighting, divine atmosphere, peaceful and majestic. Wide shot, detailed background. No text, no words on image, 8k resolution, masterpiece."
romans-5-8-es.png,"A cinematic 16:9 wide-angle 3D animated scene representing the bible verse: 'Mas Dios encarece su caridad para con nosotros, porque siendo aún pecadores, Cristo murió por nosotros.'. Style: High-quality 3D animation (Pixar/Disney style), warm golden and brown color palette, volumetric lighting, divine atmosphere, peaceful and majestic. Wide shot, detailed background. No text, no words on image, 8k resolution, masterpiece."
psalms-150-6-es.png,"A cinematic 16:9 wide-angle 3D animated scene representing the bible verse: 'Todo lo que respira alabe á JAH. Aleluya.'. Style: High-quality 3D animation (Pixar/Disney style), warm golden and brown color palette, volumetric lighting, divine atmosphere, peaceful and majestic. Wide shot, detailed background. No text, no words on image, 8k resolution, masterpiece."
luke-24-6-es.png,"A cinematic 16:9 wide-angle 3D animated scene representing the bible verse: 'No está aquí, mas ha resucitado: acordaos de lo que os habló, cuando aun estaba en Galilea,'. Style: High-quality 3D animation (Pixar/Disney style), warm golden and brown color palette, volumetric lighting, divine atmosphere, peaceful and majestic. Wide shot, detailed background. No text, no words on image, 8k resolution, masterpiece."
romans-12-12-es.png,"A cinematic 16:9 wide-angle 3D animated scene representing the bible verse: 'Gozosos en la esperanza; sufridos en la tribulación; constantes en la oración;'. Style: High-quality 3D animation (Pixar/Disney style), warm golden and brown color palette, volumetric lighting, divine atmosphere, peaceful and majestic. Wide shot, detailed background. No text, no words on image, 8k resolution, masterpiece."
psalms-42-11-es.png,"A cinematic 16:9 wide-angle 3D animated scene representing the bible verse: '¿Por qué te abates, oh alma mía, Y por qué te conturbas en mí? Espera á Dios; porque aun le tengo de alabar; Es él salvamento delante de mí, y el Dios mío.'. Style: High-quality 3D animation (Pixar/Disney style), warm golden and brown color palette, volumetric lighting, divine atmosphere, peaceful and majestic. Wide shot, detailed background. No text, no words on image, 8k resolution, masterpiece."
john-14-27-es.png,"A cinematic 16:9 wide-angle 3D animated scene representing the bible verse: 'La paz os dejo, mi paz os doy: no como el mundo la da, yo os la doy. No se turbe vuestro corazón, ni tenga miedo.'. Style: High-quality 3D animation (Pixar/Disney style), warm golden and brown color palette, volumetric lighting, divine atmosphere, peaceful and majestic. Wide shot, detailed background. No text, no words on image, 8k resolution, masterpiece."
ecclesiastes-3-1-es.png,"A cinematic 16:9 wide-angle 3D animated scene representing the bible verse: 'PARA todas las cosas hay sazón, y todo lo que se quiere debajo del cielo, tiene su tiempo:'. Style: High-quality 3D animation (Pixar/Disney style), warm golden and brown color palette, volumetric lighting, divine atmosphere, peaceful and majestic. Wide shot, detailed background. No text, no words on image, 8k resolution, masterpiece."
galatians-6-9-es.png,"A cinematic 16:9 wide-angle 3D animated scene representing the bible verse: 'No nos cansemos, pues, de hacer bien; que á su tiempo segaremos, si no hubiéremos desmayado.'. Style: High-quality 3D animation (Pixar/Disney style), warm golden and brown color palette, volumetric lighting, divine atmosphere, peaceful and majestic. Wide shot, detailed background. No text, no words on image, 8k resolution, masterpiece."
ephesians-3-20-es.png,"A cinematic 16:9 wide-angle 3D animated scene representing the bible verse: 'Y á Aquel que es poderoso para hacer todas las cosas mucho más abundantemente de lo que pedimos ó entendemos, por la potencia que obra en nosotros,'. Style: High-quality 3D animation (Pixar/Disney style), warm golden and brown color palette, volumetric lighting, divine atmosphere, peaceful and majestic. Wide shot, detailed background. No text, no words on image, 8k resolution, masterpiece."
psalms-34-18-es.png,"A cinematic 16:9 wide-angle 3D animated scene representing the bible verse: 'Cercano está Jehová á los quebrantados de corazón; Y salvará á los contritos de espíritu.'. Style: High-quality 3D animation (Pixar/Disney style), warm golden and brown color palette, volumetric lighting, divine atmosphere, peaceful and majestic. Wide shot, detailed background. No text, no words on image, 8k resolution, masterpiece."
matthew-11-29-es.png,"A cinematic 16:9 wide-angle 3D animated scene representing the bible verse: 'Llevad mi yugo sobre vosotros, y aprended de mí, que soy manso y humilde de corazón; y hallaréis descanso para vuestras almas.'. Style: High-quality 3D animation (Pixar/Disney style), warm golden and brown color palette, volumetric lighting, divine atmosphere, peaceful and majestic. Wide shot, detailed background. No text, no words on image, 8k resolution, masterpiece."
proverbs-16-9-es.png,"A cinematic 16:9 wide-angle 3D animated scene representing the bible verse: 'El corazón del hombre piensa su camino: Mas Jehová endereza sus pasos.'. Style: High-quality 3D animation (Pixar/Disney style), warm golden and brown color palette, volumetric lighting, divine atmosphere, peaceful and majestic. Wide shot, detailed background. No text, no words on image, 8k resolution, masterpiece."
isaiah-55-8-9-es.png,"A cinematic 16:9 wide-angle 3D animated scene representing the bible verse: 'Porque mis pensamientos no son vuestros pensamientos, ni vuestros caminos mis caminos, dijo Jehová. Como son más altos los cielos que la tierra, así son mis caminos más altos que vuestros caminos, y mis pensamientos más que vuestros pensamientos.'. Style: High-quality 3D animation (Pixar/Disney style), warm golden and brown color palette, volumetric lighting, divine atmosphere, peaceful and majestic. Wide shot, detailed background. No text, no words on image, 8k resolution, masterpiece."
psalms-16-11-es.png,"A cinematic 16:9 wide-angle 3D animated scene representing the bible verse: 'Me mostrarás la senda de la vida: Hartura de alegrías hay con tu rostro; Deleites en tu diestra para siempre.'. Style: High-quality 3D animation (Pixar/Disney style), warm golden and brown color palette, volumetric lighting, divine atmosphere, peaceful and majestic. Wide shot, detailed background. No text, no words on image, 8k resolution, masterpiece."
philippians-2-3-4-es.png,"A cinematic 16:9 wide-angle 3D animated scene representing the bible verse: 'Nada hagáis por contienda ó por vanagloria; antes bien en humildad, estimándoos inferiores los unos á los otros: No mirando cada uno á lo suyo propio, sino cada cual también á lo de los otros.'. Style: High-quality 3D animation (Pixar/Disney style), warm golden and brown color palette, volumetric lighting, divine atmosphere, peaceful and majestic. Wide shot, detailed background. No text, no words on image, 8k resolution, masterpiece."
1-thessalonians-5-11-es.png,"A cinematic 16:9 wide-angle 3D animated scene representing the bible verse: 'Por lo cual, consolaos los unos á los otros, y edificaos los unos á los otros, así como lo hacéis.'. Style: High-quality 3D animation (Pixar/Disney style), warm golden and brown color palette, volumetric lighting, divine atmosphere, peaceful and majestic. Wide shot, detailed background. No text, no words on image, 8k resolution, masterpiece."
1-timothy-4-12-es.png,"A cinematic 16:9 wide-angle 3D animated scene representing the bible verse: 'Ninguno tenga en poco tu juventud; pero sé ejemplo de los fieles en palabra, en conversación, en caridad, en espíritu, en fe, en limpieza.'. Style: High-quality 3D animation (Pixar/Disney style), warm golden and brown color palette, volumetric lighting, divine atmosphere, peaceful and majestic. Wide shot, detailed background. No text, no words on image, 8k resolution, masterpiece."
hebrews-10-24-25-es.png,"A cinematic 16:9 wide-angle 3D animated scene representing the bible verse: 'Y considerémonos los unos á los otros para provocarnos al amor y á las buenas obras; No dejando nuestra congregación, como algunos tienen por costumbre, mas exhortándonos; y tanto más, cuanto veis que aquel día se acerca.'. Style: High-quality 3D animation (Pixar/Disney style), warm golden and brown color palette, volumetric lighting, divine atmosphere, peaceful and majestic. Wide shot, detailed background. No text, no words on image, 8k resolution, masterpiece."
james-1-5-es.png,"A cinematic 16:9 wide-angle 3D animated scene representing the bible verse: 'Y si alguno de vosotros tiene falta de sabiduría, demándela á Dios, el cual da á todos abundantemente, y no zahiere; y le será dada.'. Style: High-quality 3D animation (Pixar/Disney style), warm golden and brown color palette, volumetric lighting, divine atmosphere, peaceful and majestic. Wide shot, detailed background. No text, no words on image, 8k resolution, masterpiece."
1-peter-1-3-es.png,"A cinematic 16:9 wide-angle 3D animated scene representing the bible verse: 'Bendito el Dios y Padre de nuestro Señor Jesucristo, que según su grande misericordia nos ha regenerado en esperanza viva, por la resurrección de Jesucristo de los muertos,'. Style: High-quality 3D animation (Pixar/Disney style), warm golden and brown color palette, volumetric lighting, divine atmosphere, peaceful and majestic. Wide shot, detailed background. No text, no words on image, 8k resolution, masterpiece."
1-john-4-7-es.png,"A cinematic 16:9 wide-angle 3D animated scene representing the bible verse: 'Carísimos, amémonos unos á otros; porque el amor es de Dios. Cualquiera que ama, es nacido de Dios, y conoce á Dios.'. Style: High-quality 3D animation (Pixar/Disney style), warm golden and brown color palette, volumetric lighting, divine atmosphere, peaceful and majestic. Wide shot, detailed background. No text, no words on image, 8k resolution, masterpiece."
revelation-21-4-es.png,"A cinematic 16:9 wide-angle 3D animated scene representing the bible verse: 'Y limpiará Dios toda lágrima de los ojos de ellos; y la muerte no será más; y no habrá más llanto, ni clamor, ni dolor: porque las primeras cosas son pasadas.'. Style: High-quality 3D animation (Pixar/Disney style), warm golden and brown color palette, volumetric lighting, divine atmosphere, peaceful and majestic. Wide shot, detailed background. No text, no words on image, 8k resolution, masterpiece."
psalms-24-1-es.png,"A cinematic 16:9 wide-angle 3D animated scene representing the bible verse: 'DE Jehová es la tierra y su plenitud; El mundo, y los que en él habitan.'. Style: High-quality 3D animation (Pixar/Disney style), warm golden and brown color palette, volumetric lighting, divine atmosphere, peaceful and majestic. Wide shot, detailed background. No text, no words on image, 8k resolution, masterpiece."
isaiah-40-8-es.png,"A cinematic 16:9 wide-angle 3D animated scene representing the bible verse: 'Sécase la hierba, cáese la flor: mas la palabra del Dios nuestro permanece para siempre.'. Style: High-quality 3D animation (Pixar/Disney style), warm golden and brown color palette, volumetric lighting, divine atmosphere, peaceful and majestic. Wide shot, detailed background. No text, no words on image, 8k resolution, masterpiece."
luke-6-31-es.png,"A cinematic 16:9 wide-angle 3D animated scene representing the bible verse: 'Y como queréis que os hagan los hombres, así hacedles también vosotros:'. Style: High-quality 3D animation (Pixar/Disney style), warm golden and brown color palette, volumetric lighting, divine atmosphere, peaceful and majestic. Wide shot, detailed background. No text, no words on image, 8k resolution, masterpiece."
2-chronicles-30-9b.png,"A cinematic 16:9 wide-angle 3D animated scene representing the bible verse: 'For if ye turn again unto the LORD, your brethren and your children {shall find} compassion before them that lead them captive, so that they shall come again into this land: for the LORD your God {is} gracious and merciful, and will not turn away {his} face from you, if ye return unto him.'. Style: High-quality 3D animation (Pixar/Disney style), warm golden and brown color palette, volumetric lighting, divine atmosphere, peaceful and majestic. Wide shot, detailed background. No text, no words on image, 8k resolution, masterpiece."
2-chronicles-30-9b-es.png,"A cinematic 16:9 wide-angle 3D animated scene representing the bible verse: 'Porque si os volviereis á Jehová, vuestros hermanos y vuestros hijos hallarán misericordia delante de los que los tienen cautivos, y volverán á esta tierra: porque Jehová vuestro Dios es clemente y misericordioso, y no volverá de vosotros su rostro, si vosotros os volviereis á él.'. Style: High-quality 3D animation (Pixar/Disney style), warm golden and brown color palette, volumetric lighting, divine atmosphere, peaceful and majestic. Wide shot, detailed background. No text, no words on image, 8k resolution, masterpiece."
2-chronicles-15-2b.png,"A cinematic 16:9 wide-angle 3D animated scene representing the bible verse: 'And he went out to meet Asa, and said unto him, Hear ye me, Asa, and all Judah and Benjamin; The LORD {is} with you, while ye be with him; and if ye seek him, he will be found of you; but if ye forsake him, he will forsake you. {to meet...: Heb. before Asa}'. Style: High-quality 3D animation (Pixar/Disney style), warm golden and brown color palette, volumetric lighting, divine atmosphere, peaceful and majestic. Wide shot, detailed background. No text, no words on image, 8k resolution, masterpiece."
2-chronicles-15-2b-es.png,"A cinematic 16:9 wide-angle 3D animated scene representing the bible verse: 'Y salió al encuentro á Asa, y díjole: Oidme, Asa, y todo Judá y Benjamín: Jehová es con vosotros, si vosotros fueres con él: y si le buscareis, será hallado de vosotros; mas si le dejareis, él también os dejará.'. Style: High-quality 3D animation (Pixar/Disney style), warm golden and brown color palette, volumetric lighting, divine atmosphere, peaceful and majestic. Wide shot, detailed background. No text, no words on image, 8k resolution, masterpiece."
